/*
USE Doblones20

INSERT INTO Paises(CodigoPais, NombrePais, Nacionalidad) VALUES('AD', 'ANDORRA', 'ANDORRA')
INSERT INTO Paises(CodigoPais, NombrePais, Nacionalidad) VALUES('AE', 'UNITED ARAB EM', 'UNITED ARAB EM')
INSERT INTO Paises(CodigoPais, NombrePais, Nacionalidad) VALUES('AF', 'AFGHANISTAN', 'AFGHANISTAN')
INSERT INTO Paises(CodigoPais, NombrePais, Nacionalidad) VALUES('AG', 'ANTIGUA AND BA', 'ANTIGUA AND BA')
INSERT INTO Paises(CodigoPais, NombrePais, Nacionalidad) VALUES('AI', 'ANGUILLA', 'ANGUILLA')
INSERT INTO Paises(CodigoPais, NombrePais, Nacionalidad) VALUES('AL', 'ALBANIA', 'ALBANIA')
INSERT INTO Paises(CodigoPais, NombrePais, Nacionalidad) VALUES('AM', 'ARMENIA', 'ARMENIA')
INSERT INTO Paises(CodigoPais, NombrePais, Nacionalidad) VALUES('AN', 'NETHERLANDS AN', 'NETHERLANDS AN')
INSERT INTO Paises(CodigoPais, NombrePais, Nacionalidad) VALUES('AO', 'ANGOLA', 'ANGOLA')
INSERT INTO Paises(CodigoPais, NombrePais, Nacionalidad) VALUES('AQ', 'ANTARCTICA', 'ANTARCTICA')
INSERT INTO Paises(CodigoPais, NombrePais, Nacionalidad) VALUES('AR', 'ARGENTINA', 'ARGENTINA')
INSERT INTO Paises(CodigoPais, NombrePais, Nacionalidad) VALUES('AS', 'AMERICAN SAMOA', 'AMERICAN SAMOA')
INSERT INTO Paises(CodigoPais, NombrePais, Nacionalidad) VALUES('AT', 'AUSTRIA', 'AUSTRIA')
INSERT INTO Paises(CodigoPais, NombrePais, Nacionalidad) VALUES('AU', 'AUSTRALIA', 'AUSTRALIA')
INSERT INTO Paises(CodigoPais, NombrePais, Nacionalidad) VALUES('AW', 'ARUBA', 'ARUBA')
INSERT INTO Paises(CodigoPais, NombrePais, Nacionalidad) VALUES('AZ', 'AZERBAIJAN', 'AZERBAIJAN')
INSERT INTO Paises(CodigoPais, NombrePais, Nacionalidad) VALUES('BA', 'BOSNIA AND HER', 'BOSNIA AND HER')
INSERT INTO Paises(CodigoPais, NombrePais, Nacionalidad) VALUES('BB', 'BARBADOS', 'BARBADOS')
INSERT INTO Paises(CodigoPais, NombrePais, Nacionalidad) VALUES('BD', 'BANGLADESH', 'BANGLADESH')
INSERT INTO Paises(CodigoPais, NombrePais, Nacionalidad) VALUES('BE', 'BELGIUM', 'BELGIUM')
INSERT INTO Paises(CodigoPais, NombrePais, Nacionalidad) VALUES('BF', 'BURKINA FASO', 'BURKINA FASO')
INSERT INTO Paises(CodigoPais, NombrePais, Nacionalidad) VALUES('BG', 'BULGARIA', 'BULGARIA')
INSERT INTO Paises(CodigoPais, NombrePais, Nacionalidad) VALUES('BH', 'BAHRAIN', 'BAHRAIN')
INSERT INTO Paises(CodigoPais, NombrePais, Nacionalidad) VALUES('BI', 'BURUNDI', 'BURUNDI')
INSERT INTO Paises(CodigoPais, NombrePais, Nacionalidad) VALUES('BJ', 'BENIN', 'BENIN')
INSERT INTO Paises(CodigoPais, NombrePais, Nacionalidad) VALUES('BM', 'BERMUDA', 'BERMUDA')
INSERT INTO Paises(CodigoPais, NombrePais, Nacionalidad) VALUES('BN', 'BRUNEI DARUSSA', 'BRUNEI DARUSSA')
INSERT INTO Paises(CodigoPais, NombrePais, Nacionalidad) VALUES('BO', 'BOLIVIA', 'BOLIVIA')
INSERT INTO Paises(CodigoPais, NombrePais, Nacionalidad) VALUES('BR', 'BRASIL', 'BRASIL')
INSERT INTO Paises(CodigoPais, NombrePais, Nacionalidad) VALUES('BS', 'BAHAMAS', 'BAHAMAS')
INSERT INTO Paises(CodigoPais, NombrePais, Nacionalidad) VALUES('BT', 'BHUTAN', 'BHUTAN')
INSERT INTO Paises(CodigoPais, NombrePais, Nacionalidad) VALUES('BV', 'BOUVET ISLAND', 'BOUVET ISLAND')
INSERT INTO Paises(CodigoPais, NombrePais, Nacionalidad) VALUES('BW', 'BOTSWANA', 'BOTSWANA')
INSERT INTO Paises(CodigoPais, NombrePais, Nacionalidad) VALUES('BY', 'BELARUS', 'BELARUS')
INSERT INTO Paises(CodigoPais, NombrePais, Nacionalidad) VALUES('BZ', 'BELIZE', 'BELIZE')
INSERT INTO Paises(CodigoPais, NombrePais, Nacionalidad) VALUES('CA', 'CANADA', 'CANADA')
INSERT INTO Paises(CodigoPais, NombrePais, Nacionalidad) VALUES('CC', 'COCOS (KEELING', 'COCOS (KEELING')
INSERT INTO Paises(CodigoPais, NombrePais, Nacionalidad) VALUES('CD', 'CONGO, THE DEM', 'CONGO, THE DEM')
INSERT INTO Paises(CodigoPais, NombrePais, Nacionalidad) VALUES('CF', 'CENTRAL AFRICA', 'CENTRAL AFRICA')
INSERT INTO Paises(CodigoPais, NombrePais, Nacionalidad) VALUES('CG', 'CONGO', 'CONGO')
INSERT INTO Paises(CodigoPais, NombrePais, Nacionalidad) VALUES('CH', 'SWITZERLAND', 'SWITZERLAND')
INSERT INTO Paises(CodigoPais, NombrePais, Nacionalidad) VALUES('CI', 'COTE D''IVOIRE', 'COTE D''IVOIRE')
INSERT INTO Paises(CodigoPais, NombrePais, Nacionalidad) VALUES('CK', 'COOK ISLANDS', 'COOK ISLANDS')
INSERT INTO Paises(CodigoPais, NombrePais, Nacionalidad) VALUES('CL', 'CHILE', 'CHILE')
INSERT INTO Paises(CodigoPais, NombrePais, Nacionalidad) VALUES('CM', 'CAMERON', 'CAMERON')
INSERT INTO Paises(CodigoPais, NombrePais, Nacionalidad) VALUES('CN', 'CHINA', 'CHINA')
INSERT INTO Paises(CodigoPais, NombrePais, Nacionalidad) VALUES('CO', 'COLOMBIA', 'COLOMBIA')
INSERT INTO Paises(CodigoPais, NombrePais, Nacionalidad) VALUES('CR', 'COSTA RICA', 'COSTA RICA')
INSERT INTO Paises(CodigoPais, NombrePais, Nacionalidad) VALUES('CU', 'CUBA', 'CUBA')
INSERT INTO Paises(CodigoPais, NombrePais, Nacionalidad) VALUES('CV', 'CAPE VERDE', 'CAPE VERDE')
INSERT INTO Paises(CodigoPais, NombrePais, Nacionalidad) VALUES('CX', 'CHRISTMAS ISLA', 'CHRISTMAS ISLA')
INSERT INTO Paises(CodigoPais, NombrePais, Nacionalidad) VALUES('CY', 'CYPRUS', 'CYPRUS')
INSERT INTO Paises(CodigoPais, NombrePais, Nacionalidad) VALUES('CZ', 'CZECH REPUBLIC', 'CZECH REPUBLIC')
INSERT INTO Paises(CodigoPais, NombrePais, Nacionalidad) VALUES('DE', 'ALEMANIA', 'ALEMANIA')
INSERT INTO Paises(CodigoPais, NombrePais, Nacionalidad) VALUES('DJ', 'DJIBOUTI', 'DJIBOUTI')
INSERT INTO Paises(CodigoPais, NombrePais, Nacionalidad) VALUES('DK', 'DENMARK', 'DENMARK')
INSERT INTO Paises(CodigoPais, NombrePais, Nacionalidad) VALUES('DM', 'DOMINICA', 'DOMINICA')
INSERT INTO Paises(CodigoPais, NombrePais, Nacionalidad) VALUES('DO', 'REPUBLICA DOMINICANA', 'REPUBLICA DOMINICANA')
INSERT INTO Paises(CodigoPais, NombrePais, Nacionalidad) VALUES('DZ', 'ALGERIA', 'ALGERIA')
INSERT INTO Paises(CodigoPais, NombrePais, Nacionalidad) VALUES('EC', 'ECUADOR', 'ECUADOR')
INSERT INTO Paises(CodigoPais, NombrePais, Nacionalidad) VALUES('EE', 'ESTONIA', 'ESTONIA')
INSERT INTO Paises(CodigoPais, NombrePais, Nacionalidad) VALUES('EG', 'EGYPT', 'EGYPT')
INSERT INTO Paises(CodigoPais, NombrePais, Nacionalidad) VALUES('EH', 'WESTERN SAHARA', 'WESTERN SAHARA')
INSERT INTO Paises(CodigoPais, NombrePais, Nacionalidad) VALUES('ER', 'ERITREA', 'ERITREA')
INSERT INTO Paises(CodigoPais, NombrePais, Nacionalidad) VALUES('ES', 'ESPAÑA', 'ESPAÑA')
INSERT INTO Paises(CodigoPais, NombrePais, Nacionalidad) VALUES('ET', 'ETHIOPIA', 'ETHIOPIA')
INSERT INTO Paises(CodigoPais, NombrePais, Nacionalidad) VALUES('FI', 'FINLAND', 'FINLAND')
INSERT INTO Paises(CodigoPais, NombrePais, Nacionalidad) VALUES('FJ', 'FIJI', 'FIJI')
INSERT INTO Paises(CodigoPais, NombrePais, Nacionalidad) VALUES('FK', 'FALKLAND ISLAN', 'FALKLAND ISLAN')
INSERT INTO Paises(CodigoPais, NombrePais, Nacionalidad) VALUES('FM', 'MICRONESIA, FE', 'MICRONESIA, FE')
INSERT INTO Paises(CodigoPais, NombrePais, Nacionalidad) VALUES('FO', 'FAROE ISLANDS', 'FAROE ISLANDS')
INSERT INTO Paises(CodigoPais, NombrePais, Nacionalidad) VALUES('FR', 'FRANCE', 'FRANCE')
INSERT INTO Paises(CodigoPais, NombrePais, Nacionalidad) VALUES('FX', 'FRANCE, METROP', 'FRANCE, METROP')
INSERT INTO Paises(CodigoPais, NombrePais, Nacionalidad) VALUES('GA', 'GABON', 'GABON')
INSERT INTO Paises(CodigoPais, NombrePais, Nacionalidad) VALUES('GB', 'UNITED KINGDOM', 'UNITED KINGDOM')
INSERT INTO Paises(CodigoPais, NombrePais, Nacionalidad) VALUES('GD', 'GRENADA', 'GRENADA')
INSERT INTO Paises(CodigoPais, NombrePais, Nacionalidad) VALUES('GE', 'GEORGIA', 'GEORGIA')
INSERT INTO Paises(CodigoPais, NombrePais, Nacionalidad) VALUES('GF', 'FRENCH GUIANA', 'FRENCH GUIANA')
INSERT INTO Paises(CodigoPais, NombrePais, Nacionalidad) VALUES('GH', 'GHANA', 'GHANA')
INSERT INTO Paises(CodigoPais, NombrePais, Nacionalidad) VALUES('GI', 'GIBRALTAR', 'GIBRALTAR')
INSERT INTO Paises(CodigoPais, NombrePais, Nacionalidad) VALUES('GL', 'GREENLAND', 'GREENLAND')
INSERT INTO Paises(CodigoPais, NombrePais, Nacionalidad) VALUES('GM', 'GAMBIA', 'GAMBIA')
INSERT INTO Paises(CodigoPais, NombrePais, Nacionalidad) VALUES('GN', 'GUINEA', 'GUINEA')
INSERT INTO Paises(CodigoPais, NombrePais, Nacionalidad) VALUES('GP', 'GUADELOUPE', 'GUADELOUPE')
INSERT INTO Paises(CodigoPais, NombrePais, Nacionalidad) VALUES('GQ', 'EQUATORIAL GUI', 'EQUATORIAL GUI')
INSERT INTO Paises(CodigoPais, NombrePais, Nacionalidad) VALUES('GR', 'GREECE', 'GREECE')
INSERT INTO Paises(CodigoPais, NombrePais, Nacionalidad) VALUES('GS', 'SOUTH GEORGIA', 'SOUTH GEORGIA')
INSERT INTO Paises(CodigoPais, NombrePais, Nacionalidad) VALUES('GT', 'GUATEMALA', 'GUATEMALA')
INSERT INTO Paises(CodigoPais, NombrePais, Nacionalidad) VALUES('GU', 'GUAM', 'GUAM')
INSERT INTO Paises(CodigoPais, NombrePais, Nacionalidad) VALUES('GW', 'GUINEA-BISSAU', 'GUINEA-BISSAU')
INSERT INTO Paises(CodigoPais, NombrePais, Nacionalidad) VALUES('GY', 'GUYANA', 'GUYANA')
INSERT INTO Paises(CodigoPais, NombrePais, Nacionalidad) VALUES('HK', 'HONG KONG', 'HONG KONG')
INSERT INTO Paises(CodigoPais, NombrePais, Nacionalidad) VALUES('HM', 'HEARD AND MC D', 'HEARD AND MC D')
INSERT INTO Paises(CodigoPais, NombrePais, Nacionalidad) VALUES('HN', 'HONDURAS', 'HONDURAS')
INSERT INTO Paises(CodigoPais, NombrePais, Nacionalidad) VALUES('HR', 'CROATIA (local', 'CROATIA (local')
INSERT INTO Paises(CodigoPais, NombrePais, Nacionalidad) VALUES('HT', 'HAITI', 'HAITI')
INSERT INTO Paises(CodigoPais, NombrePais, Nacionalidad) VALUES('HU', 'HUNGARY', 'HUNGARY')
INSERT INTO Paises(CodigoPais, NombrePais, Nacionalidad) VALUES('ID', 'INDONESIA', 'INDONESIA')
INSERT INTO Paises(CodigoPais, NombrePais, Nacionalidad) VALUES('IE', 'IRELAND', 'IRELAND')
INSERT INTO Paises(CodigoPais, NombrePais, Nacionalidad) VALUES('IL', 'ISRAEL', 'ISRAEL')
INSERT INTO Paises(CodigoPais, NombrePais, Nacionalidad) VALUES('IN', 'INDIA', 'INDIA')
INSERT INTO Paises(CodigoPais, NombrePais, Nacionalidad) VALUES('IO', 'BRITISH INDIAN', 'BRITISH INDIAN')
INSERT INTO Paises(CodigoPais, NombrePais, Nacionalidad) VALUES('IQ', 'IRAQ', 'IRAQ')
INSERT INTO Paises(CodigoPais, NombrePais, Nacionalidad) VALUES('IR', 'IRAN (ISLAMIC', 'IRAN (ISLAMIC')
INSERT INTO Paises(CodigoPais, NombrePais, Nacionalidad) VALUES('IS', 'ICELAND', 'ICELAND')
INSERT INTO Paises(CodigoPais, NombrePais, Nacionalidad) VALUES('IT', 'ITALY', 'ITALY')
INSERT INTO Paises(CodigoPais, NombrePais, Nacionalidad) VALUES('JM', 'JAMAICA', 'JAMAICA')
INSERT INTO Paises(CodigoPais, NombrePais, Nacionalidad) VALUES('JO', 'JORDAN', 'JORDAN')
INSERT INTO Paises(CodigoPais, NombrePais, Nacionalidad) VALUES('JP', 'JAPAN', 'JAPAN')
INSERT INTO Paises(CodigoPais, NombrePais, Nacionalidad) VALUES('KE', 'KENYA', 'KENYA')
INSERT INTO Paises(CodigoPais, NombrePais, Nacionalidad) VALUES('KG', 'KYRGYZSTAN', 'KYRGYZSTAN')
INSERT INTO Paises(CodigoPais, NombrePais, Nacionalidad) VALUES('KH', 'CAMBODIA', 'CAMBODIA')
INSERT INTO Paises(CodigoPais, NombrePais, Nacionalidad) VALUES('KI', 'KIRIBATI', 'KIRIBATI')
INSERT INTO Paises(CodigoPais, NombrePais, Nacionalidad) VALUES('KM', 'COMOROS', 'COMOROS')
INSERT INTO Paises(CodigoPais, NombrePais, Nacionalidad) VALUES('KN', 'SAINT KITTS AN', 'SAINT KITTS AN')
INSERT INTO Paises(CodigoPais, NombrePais, Nacionalidad) VALUES('KP', 'KOREA, DEMOCRA', 'KOREA, DEMOCRA')
INSERT INTO Paises(CodigoPais, NombrePais, Nacionalidad) VALUES('KR', 'KOREA, REPUBLI', 'KOREA, REPUBLI')
INSERT INTO Paises(CodigoPais, NombrePais, Nacionalidad) VALUES('KW', 'KUWAIT', 'KUWAIT')
INSERT INTO Paises(CodigoPais, NombrePais, Nacionalidad) VALUES('KY', 'CAYMAN ISLANDS', 'CAYMAN ISLANDS')
INSERT INTO Paises(CodigoPais, NombrePais, Nacionalidad) VALUES('KZ', 'KAZAKHSTAN', 'KAZAKHSTAN')
INSERT INTO Paises(CodigoPais, NombrePais, Nacionalidad) VALUES('LA', 'LAO PEOPLE''S D', 'LAO PEOPLE''S D')
INSERT INTO Paises(CodigoPais, NombrePais, Nacionalidad) VALUES('LB', 'LEBANON', 'LEBANON')
INSERT INTO Paises(CodigoPais, NombrePais, Nacionalidad) VALUES('LC', 'SAINT LUCIA', 'SAINT LUCIA')
INSERT INTO Paises(CodigoPais, NombrePais, Nacionalidad) VALUES('LI', 'LIECHTENSTEIN', 'LIECHTENSTEIN')
INSERT INTO Paises(CodigoPais, NombrePais, Nacionalidad) VALUES('LK', 'SRI LANKA', 'SRI LANKA')
INSERT INTO Paises(CodigoPais, NombrePais, Nacionalidad) VALUES('LR', 'LIBERIA', 'LIBERIA')
INSERT INTO Paises(CodigoPais, NombrePais, Nacionalidad) VALUES('LS', 'LESOTHO', 'LESOTHO')
INSERT INTO Paises(CodigoPais, NombrePais, Nacionalidad) VALUES('LT', 'LITHUANIA', 'LITHUANIA')
INSERT INTO Paises(CodigoPais, NombrePais, Nacionalidad) VALUES('LU', 'LUXEMBOURG', 'LUXEMBOURG')
INSERT INTO Paises(CodigoPais, NombrePais, Nacionalidad) VALUES('LV', 'LATVIA', 'LATVIA')
INSERT INTO Paises(CodigoPais, NombrePais, Nacionalidad) VALUES('LY', 'LIBYAN ARAB JA', 'LIBYAN ARAB JA')
INSERT INTO Paises(CodigoPais, NombrePais, Nacionalidad) VALUES('MA', 'MOROCCO', 'MOROCCO')
INSERT INTO Paises(CodigoPais, NombrePais, Nacionalidad) VALUES('MC', 'MONACO', 'MONACO')
INSERT INTO Paises(CodigoPais, NombrePais, Nacionalidad) VALUES('MD', 'MOLDOVA, REPUB', 'MOLDOVA, REPUB')
INSERT INTO Paises(CodigoPais, NombrePais, Nacionalidad) VALUES('MG', 'MADAGASCAR', 'MADAGASCAR')
INSERT INTO Paises(CodigoPais, NombrePais, Nacionalidad) VALUES('MH', 'MARSHALL ISLAN', 'MARSHALL ISLAN')
INSERT INTO Paises(CodigoPais, NombrePais, Nacionalidad) VALUES('MK', 'MACEDONIA, THE', 'MACEDONIA, THE')
INSERT INTO Paises(CodigoPais, NombrePais, Nacionalidad) VALUES('ML', 'MALI', 'MALI')
INSERT INTO Paises(CodigoPais, NombrePais, Nacionalidad) VALUES('MM', 'MYANMAR', 'MYANMAR')
INSERT INTO Paises(CodigoPais, NombrePais, Nacionalidad) VALUES('MN', 'MONGOLIA', 'MONGOLIA')
INSERT INTO Paises(CodigoPais, NombrePais, Nacionalidad) VALUES('MO', 'MACAU', 'MACAU')
INSERT INTO Paises(CodigoPais, NombrePais, Nacionalidad) VALUES('MP', 'NORTHERN MARIA', 'NORTHERN MARIA')
INSERT INTO Paises(CodigoPais, NombrePais, Nacionalidad) VALUES('MQ', 'MARTINIQUE', 'MARTINIQUE')
INSERT INTO Paises(CodigoPais, NombrePais, Nacionalidad) VALUES('MR', 'MAURITANIA', 'MAURITANIA')
INSERT INTO Paises(CodigoPais, NombrePais, Nacionalidad) VALUES('MS', 'MONTSERRAT', 'MONTSERRAT')
INSERT INTO Paises(CodigoPais, NombrePais, Nacionalidad) VALUES('MT', 'MALTA', 'MALTA')
INSERT INTO Paises(CodigoPais, NombrePais, Nacionalidad) VALUES('MU', 'MAURITIUS', 'MAURITIUS')
INSERT INTO Paises(CodigoPais, NombrePais, Nacionalidad) VALUES('MV', 'MALDIVES', 'MALDIVES')
INSERT INTO Paises(CodigoPais, NombrePais, Nacionalidad) VALUES('MW', 'MALAWI', 'MALAWI')
INSERT INTO Paises(CodigoPais, NombrePais, Nacionalidad) VALUES('MX', 'MEXICO', 'MEXICO')
INSERT INTO Paises(CodigoPais, NombrePais, Nacionalidad) VALUES('MY', 'MALAYSIA', 'MALAYSIA')
INSERT INTO Paises(CodigoPais, NombrePais, Nacionalidad) VALUES('MZ', 'MOZAMBIQUE', 'MOZAMBIQUE')
INSERT INTO Paises(CodigoPais, NombrePais, Nacionalidad) VALUES('NA', 'NAMIBIA', 'NAMIBIA')
INSERT INTO Paises(CodigoPais, NombrePais, Nacionalidad) VALUES('NC', 'NEW CALEDONIA', 'NEW CALEDONIA')
INSERT INTO Paises(CodigoPais, NombrePais, Nacionalidad) VALUES('NE', 'NIGER', 'NIGER')
INSERT INTO Paises(CodigoPais, NombrePais, Nacionalidad) VALUES('NF', 'NORFOLK ISLAND', 'NORFOLK ISLAND')
INSERT INTO Paises(CodigoPais, NombrePais, Nacionalidad) VALUES('NG', 'NIGERIA', 'NIGERIA')
INSERT INTO Paises(CodigoPais, NombrePais, Nacionalidad) VALUES('NI', 'NICARAGUA', 'NICARAGUA')
INSERT INTO Paises(CodigoPais, NombrePais, Nacionalidad) VALUES('NL', 'NETHERLANDS', 'NETHERLANDS')
INSERT INTO Paises(CodigoPais, NombrePais, Nacionalidad) VALUES('NO', 'NORWAY', 'NORWAY')
INSERT INTO Paises(CodigoPais, NombrePais, Nacionalidad) VALUES('NP', 'NEPAL', 'NEPAL')
INSERT INTO Paises(CodigoPais, NombrePais, Nacionalidad) VALUES('NR', 'NAURU', 'NAURU')
INSERT INTO Paises(CodigoPais, NombrePais, Nacionalidad) VALUES('NU', 'NIUE', 'NIUE')
INSERT INTO Paises(CodigoPais, NombrePais, Nacionalidad) VALUES('NZ', 'NEW ZEALAND', 'NEW ZEALAND')
INSERT INTO Paises(CodigoPais, NombrePais, Nacionalidad) VALUES('OM', 'OMAN', 'OMAN')
INSERT INTO Paises(CodigoPais, NombrePais, Nacionalidad) VALUES('PA', 'PANAMA', 'PANAMA')
INSERT INTO Paises(CodigoPais, NombrePais, Nacionalidad) VALUES('PE', 'PERU', 'PERU')
INSERT INTO Paises(CodigoPais, NombrePais, Nacionalidad) VALUES('PF', 'FRENCH POLYNES', 'FRENCH POLYNES')
INSERT INTO Paises(CodigoPais, NombrePais, Nacionalidad) VALUES('PG', 'PAPUA NEW GUIN', 'PAPUA NEW GUIN')
INSERT INTO Paises(CodigoPais, NombrePais, Nacionalidad) VALUES('PH', 'PHILIPPINES', 'PHILIPPINES')
INSERT INTO Paises(CodigoPais, NombrePais, Nacionalidad) VALUES('PK', 'PAKISTAN', 'PAKISTAN')
INSERT INTO Paises(CodigoPais, NombrePais, Nacionalidad) VALUES('PL', 'POLAND', 'POLAND')
INSERT INTO Paises(CodigoPais, NombrePais, Nacionalidad) VALUES('PM', 'ST. PIERRE AND', 'ST. PIERRE AND')
INSERT INTO Paises(CodigoPais, NombrePais, Nacionalidad) VALUES('PN', 'PITCAIRN', 'PITCAIRN')
INSERT INTO Paises(CodigoPais, NombrePais, Nacionalidad) VALUES('PR', 'PUERTO RICO', 'PUERTO RICO')
INSERT INTO Paises(CodigoPais, NombrePais, Nacionalidad) VALUES('PS', 'PALESTINA', 'PALESTINA')
INSERT INTO Paises(CodigoPais, NombrePais, Nacionalidad) VALUES('PT', 'PORTUGAL', 'PORTUGAL')
INSERT INTO Paises(CodigoPais, NombrePais, Nacionalidad) VALUES('PW', 'PALAU', 'PALAU')
INSERT INTO Paises(CodigoPais, NombrePais, Nacionalidad) VALUES('PY', 'PARAGUAY', 'PARAGUAY')
INSERT INTO Paises(CodigoPais, NombrePais, Nacionalidad) VALUES('QA', 'QATAR', 'QATAR')
INSERT INTO Paises(CodigoPais, NombrePais, Nacionalidad) VALUES('RE', 'REUNION', 'REUNION')
INSERT INTO Paises(CodigoPais, NombrePais, Nacionalidad) VALUES('RO', 'ROMANIA', 'ROMANIA')
INSERT INTO Paises(CodigoPais, NombrePais, Nacionalidad) VALUES('RU', 'RUSIA FEDERAL', 'RUSIA FEDERAL')
INSERT INTO Paises(CodigoPais, NombrePais, Nacionalidad) VALUES('RW', 'RWANDA', 'RWANDA')
INSERT INTO Paises(CodigoPais, NombrePais, Nacionalidad) VALUES('SA', 'SAUDI ARABIA', 'SAUDI ARABIA')
INSERT INTO Paises(CodigoPais, NombrePais, Nacionalidad) VALUES('SB', 'SOLOMON ISLAND', 'SOLOMON ISLAND')
INSERT INTO Paises(CodigoPais, NombrePais, Nacionalidad) VALUES('SC', 'SEYCHELLES', 'SEYCHELLES')
INSERT INTO Paises(CodigoPais, NombrePais, Nacionalidad) VALUES('SD', 'SUDAN', 'SUDAN')
INSERT INTO Paises(CodigoPais, NombrePais, Nacionalidad) VALUES('SE', 'SWEDEN', 'SWEDEN')
INSERT INTO Paises(CodigoPais, NombrePais, Nacionalidad) VALUES('SG', 'SINGAPORE', 'SINGAPORE')
INSERT INTO Paises(CodigoPais, NombrePais, Nacionalidad) VALUES('SH', 'ST. HELENA', 'ST. HELENA')
INSERT INTO Paises(CodigoPais, NombrePais, Nacionalidad) VALUES('SI', 'SLOVENIA', 'SLOVENIA')
INSERT INTO Paises(CodigoPais, NombrePais, Nacionalidad) VALUES('SJ', 'SVALBARD AND J', 'SVALBARD AND J')
INSERT INTO Paises(CodigoPais, NombrePais, Nacionalidad) VALUES('SK', 'SLOVAKIA (Slov', 'SLOVAKIA (Slov')
INSERT INTO Paises(CodigoPais, NombrePais, Nacionalidad) VALUES('SL', 'SIERRA LEONE', 'SIERRA LEONE')
INSERT INTO Paises(CodigoPais, NombrePais, Nacionalidad) VALUES('SM', 'SAN MARINO', 'SAN MARINO')
INSERT INTO Paises(CodigoPais, NombrePais, Nacionalidad) VALUES('SN', 'SENEGAL', 'SENEGAL')
INSERT INTO Paises(CodigoPais, NombrePais, Nacionalidad) VALUES('SO', 'SOMALIA', 'SOMALIA')
INSERT INTO Paises(CodigoPais, NombrePais, Nacionalidad) VALUES('SR', 'SURINAME', 'SURINAME')
INSERT INTO Paises(CodigoPais, NombrePais, Nacionalidad) VALUES('ST', 'SAO TOME AND P', 'SAO TOME AND P')
INSERT INTO Paises(CodigoPais, NombrePais, Nacionalidad) VALUES('SV', 'EL SALVADOR', 'EL SALVADOR')
INSERT INTO Paises(CodigoPais, NombrePais, Nacionalidad) VALUES('SY', 'SYRIAN ARAB RE', 'SYRIAN ARAB RE')
INSERT INTO Paises(CodigoPais, NombrePais, Nacionalidad) VALUES('SZ', 'SWAZILAND', 'SWAZILAND')
INSERT INTO Paises(CodigoPais, NombrePais, Nacionalidad) VALUES('TC', 'TURKS AND CAIC', 'TURKS AND CAIC')
INSERT INTO Paises(CodigoPais, NombrePais, Nacionalidad) VALUES('TD', 'CHAD', 'CHAD')
INSERT INTO Paises(CodigoPais, NombrePais, Nacionalidad) VALUES('TF', 'FRENCH SOUTHER', 'FRENCH SOUTHER')
INSERT INTO Paises(CodigoPais, NombrePais, Nacionalidad) VALUES('TG', 'TOGO', 'TOGO')
INSERT INTO Paises(CodigoPais, NombrePais, Nacionalidad) VALUES('TH', 'THAILAND', 'THAILAND')
INSERT INTO Paises(CodigoPais, NombrePais, Nacionalidad) VALUES('TJ', 'TAJIKISTAN', 'TAJIKISTAN')
INSERT INTO Paises(CodigoPais, NombrePais, Nacionalidad) VALUES('TK', 'TOKELAU', 'TOKELAU')
INSERT INTO Paises(CodigoPais, NombrePais, Nacionalidad) VALUES('TM', 'TURKMENISTAN', 'TURKMENISTAN')
INSERT INTO Paises(CodigoPais, NombrePais, Nacionalidad) VALUES('TN', 'TUNISIA', 'TUNISIA')
INSERT INTO Paises(CodigoPais, NombrePais, Nacionalidad) VALUES('TO', 'TONGA', 'TONGA')
INSERT INTO Paises(CodigoPais, NombrePais, Nacionalidad) VALUES('TP', 'EAST TIMOR', 'EAST TIMOR')
INSERT INTO Paises(CodigoPais, NombrePais, Nacionalidad) VALUES('TR', 'TURKEY', 'TURKEY')
INSERT INTO Paises(CodigoPais, NombrePais, Nacionalidad) VALUES('TT', 'TRINIDAD AND T', 'TRINIDAD AND T')
INSERT INTO Paises(CodigoPais, NombrePais, Nacionalidad) VALUES('TV', 'TUVALU', 'TUVALU')
INSERT INTO Paises(CodigoPais, NombrePais, Nacionalidad) VALUES('TW', 'TAIWAN', 'TAIWAN')
INSERT INTO Paises(CodigoPais, NombrePais, Nacionalidad) VALUES('TZ', 'TANZANIA, UNIT', 'TANZANIA, UNIT')
INSERT INTO Paises(CodigoPais, NombrePais, Nacionalidad) VALUES('UA', 'UKRAINE', 'UKRAINE')
INSERT INTO Paises(CodigoPais, NombrePais, Nacionalidad) VALUES('UG', 'UGANDA', 'UGANDA')
INSERT INTO Paises(CodigoPais, NombrePais, Nacionalidad) VALUES('UM', 'UNITED STATES', 'UNITED STATES')
INSERT INTO Paises(CodigoPais, NombrePais, Nacionalidad) VALUES('US', 'ESTADOS UNIDOS', 'ESTADOS UNIDOS')
INSERT INTO Paises(CodigoPais, NombrePais, Nacionalidad) VALUES('UY', 'URUGUAY', 'URUGUAY')
INSERT INTO Paises(CodigoPais, NombrePais, Nacionalidad) VALUES('UZ', 'UZBEKISTAN', 'UZBEKISTAN')
INSERT INTO Paises(CodigoPais, NombrePais, Nacionalidad) VALUES('VA', 'HOLY SEE (VATI', 'HOLY SEE (VATI')
INSERT INTO Paises(CodigoPais, NombrePais, Nacionalidad) VALUES('VC', 'SAINT VINCENT', 'SAINT VINCENT')
INSERT INTO Paises(CodigoPais, NombrePais, Nacionalidad) VALUES('VE', 'VENEZUELA', 'VENEZUELA')
INSERT INTO Paises(CodigoPais, NombrePais, Nacionalidad) VALUES('VG', 'VIRGIN ISLANDS G', 'VIRGIN ISLANDS G')
INSERT INTO Paises(CodigoPais, NombrePais, Nacionalidad) VALUES('VI', 'VIRGIN ISLANDS I', 'VIRGIN ISLANDS I')
INSERT INTO Paises(CodigoPais, NombrePais, Nacionalidad) VALUES('VN', 'VIET NAM', 'VIET NAM')
INSERT INTO Paises(CodigoPais, NombrePais, Nacionalidad) VALUES('VU', 'VANUATU', 'VANUATU')
INSERT INTO Paises(CodigoPais, NombrePais, Nacionalidad) VALUES('WF', 'WALLIS AND FUT', 'WALLIS AND FUT')
INSERT INTO Paises(CodigoPais, NombrePais, Nacionalidad) VALUES('WS', 'SAMOA', 'SAMOA')
INSERT INTO Paises(CodigoPais, NombrePais, Nacionalidad) VALUES('YE', 'YEMEN', 'YEMEN')
INSERT INTO Paises(CodigoPais, NombrePais, Nacionalidad) VALUES('YT', 'MAYOTTE', 'MAYOTTE')
INSERT INTO Paises(CodigoPais, NombrePais, Nacionalidad) VALUES('YU', 'YUGOSLAVIA', 'YUGOSLAVIA')
INSERT INTO Paises(CodigoPais, NombrePais, Nacionalidad) VALUES('ZA', 'SOUTH AFRICA', 'SOUTH AFRICA')
INSERT INTO Paises(CodigoPais, NombrePais, Nacionalidad) VALUES('ZM', 'ZAMBIA', 'ZAMBIA')
INSERT INTO Paises(CodigoPais, NombrePais, Nacionalidad) VALUES('ZW', 'ZIMBABWE', 'ZIMBABWE')

INSERT INTO Departamentos VALUES('BO','01','CHUQUISACA')
INSERT INTO Departamentos VALUES('BO','02','LA PAZ')
INSERT INTO Departamentos VALUES('BO','03','COCHABAMBA')
INSERT INTO Departamentos VALUES('BO','04','ORURO')
INSERT INTO Departamentos VALUES('BO','05','POTOSÍ')
INSERT INTO Departamentos VALUES('BO','06','TARIJA')
INSERT INTO Departamentos VALUES('BO','07','SANTA CRUZ')
INSERT INTO Departamentos VALUES('BO','08','BENI')
INSERT INTO Departamentos VALUES('BO','09','PANDO')
INSERT INTO Departamentos VALUES('US','09','MIAMI')
INSERT INTO Departamentos VALUES('CL','09','IQUIQUE')

INSERT INTO Provincias VALUES('BO','01','01','OROPEZA')
INSERT INTO Provincias VALUES('BO','01','02','AZURDUY')
INSERT INTO Provincias VALUES('BO','01','03','ZUDAÑEZ')
INSERT INTO Provincias VALUES('BO','01','04','TOMINA')
INSERT INTO Provincias VALUES('BO','01','05','HERNANDO SILES')
INSERT INTO Provincias VALUES('BO','01','06','YAMPARAEZ')
INSERT INTO Provincias VALUES('BO','01','07','NOR CINTI')
INSERT INTO Provincias VALUES('BO','01','08','BELISARIO BOETO')
INSERT INTO Provincias VALUES('BO','01','09','SUR CINTI')
INSERT INTO Provincias VALUES('BO','01','10','LUIS CALVO')
INSERT INTO Provincias VALUES('BO','02','01','MURILLO')
INSERT INTO Provincias VALUES('BO','02','02','OMASUYOS')
INSERT INTO Provincias VALUES('BO','02','03','PACAJES')
INSERT INTO Provincias VALUES('BO','02','04','CAMACHO')
INSERT INTO Provincias VALUES('BO','02','05','MUÑECAS')
INSERT INTO Provincias VALUES('BO','02','06','LARECAJA')
INSERT INTO Provincias VALUES('BO','02','07','FRANZ TAMAYO')
INSERT INTO Provincias VALUES('BO','02','08','INGAVI')
INSERT INTO Provincias VALUES('BO','02','09','LOAYZA')
INSERT INTO Provincias VALUES('BO','02','10','INQUISIVI')
INSERT INTO Provincias VALUES('BO','02','11','SUR YUNGAS')
INSERT INTO Provincias VALUES('BO','02','12','LOS ANDES')
INSERT INTO Provincias VALUES('BO','02','13','AROMA')
INSERT INTO Provincias VALUES('BO','02','14','NOR YUNGAS')
INSERT INTO Provincias VALUES('BO','02','15','ABEL ITURRALDE')
INSERT INTO Provincias VALUES('BO','02','16','BAUTISTA SAAVEDRA')
INSERT INTO Provincias VALUES('BO','02','17','MANCO KAPAC')
INSERT INTO Provincias VALUES('BO','02','18','GUALBERTO VILLARROEL')
INSERT INTO Provincias VALUES('BO','02','19','GRAL. JOSÉ MAUEL PANDO')
INSERT INTO Provincias VALUES('BO','02','20','CARANAVI')
INSERT INTO Provincias VALUES('BO','03','01','CERCADO')
INSERT INTO Provincias VALUES('BO','03','02','CAMPERO')
INSERT INTO Provincias VALUES('BO','03','03','AYOPAYA')
INSERT INTO Provincias VALUES('BO','03','04','ESTEBAN ARZE')
INSERT INTO Provincias VALUES('BO','03','05','ARANI')
INSERT INTO Provincias VALUES('BO','03','06','ARQUE')
INSERT INTO Provincias VALUES('BO','03','07','CAPINOTA')
INSERT INTO Provincias VALUES('BO','03','08','GERMÁN JORDÁN')
INSERT INTO Provincias VALUES('BO','03','09','QUILLA COLLO')
INSERT INTO Provincias VALUES('BO','03','10','CHAPARE')
INSERT INTO Provincias VALUES('BO','03','11','TAPACARI')
INSERT INTO Provincias VALUES('BO','03','12','CARRASCO')
INSERT INTO Provincias VALUES('BO','03','13','MIZQUE')
INSERT INTO Provincias VALUES('BO','03','14','PUNATA')
INSERT INTO Provincias VALUES('BO','03','15','BOLIVAR')
INSERT INTO Provincias VALUES('BO','03','16','TIRAQUE')
INSERT INTO Provincias VALUES('BO','04','01','CERCADO')
INSERT INTO Provincias VALUES('BO','04','02','AVAROA')
INSERT INTO Provincias VALUES('BO','04','03','CARANGAS')
INSERT INTO Provincias VALUES('BO','04','04','SAJAMA')
INSERT INTO Provincias VALUES('BO','04','05','LITORAL')
INSERT INTO Provincias VALUES('BO','04','06','POOPO')
INSERT INTO Provincias VALUES('BO','04','07','PANTALEÓN DALENCE')
INSERT INTO Provincias VALUES('BO','04','08','LADISLAO CABRERA')
INSERT INTO Provincias VALUES('BO','04','09','ATAHUALLPA')
INSERT INTO Provincias VALUES('BO','04','10','SAUCARI')
INSERT INTO Provincias VALUES('BO','04','11','TOMÁS BARRÓN')
INSERT INTO Provincias VALUES('BO','04','12','SUR CARANGAS')
INSERT INTO Provincias VALUES('BO','04','13','SAN PEDRO DE TOTORA')
INSERT INTO Provincias VALUES('BO','04','14','SEBASTIAN PAGADOR')
INSERT INTO Provincias VALUES('BO','04','15','MEJILLONES')
INSERT INTO Provincias VALUES('BO','04','16','NOR CARANGAS')
INSERT INTO Provincias VALUES('BO','05','01','TOMÁS FRIAS')
INSERT INTO Provincias VALUES('BO','05','02','RAFAEL BUSTILLO')
INSERT INTO Provincias VALUES('BO','05','03','COORNELIO SAAVEDRA')
INSERT INTO Provincias VALUES('BO','05','04','CHAYANTA')
INSERT INTO Provincias VALUES('BO','05','05','CHARCAS')
INSERT INTO Provincias VALUES('BO','05','06','NOR CHICHAS')
INSERT INTO Provincias VALUES('BO','05','07','ALONSO DE IBAÑEZ')
INSERT INTO Provincias VALUES('BO','05','08','SUR CHICHAS')
INSERT INTO Provincias VALUES('BO','05','09','NOR LIPEZ')
INSERT INTO Provincias VALUES('BO','05','10','SUR LIPEZ')
INSERT INTO Provincias VALUES('BO','05','11','JOSÉ MARIA LINARES')
INSERT INTO Provincias VALUES('BO','05','12','ANTONIO QUIJARRO')
INSERT INTO Provincias VALUES('BO','05','13','GRAL. BERNARDINO BILBAO')
INSERT INTO Provincias VALUES('BO','05','14','DANIEL CAMPOS')
INSERT INTO Provincias VALUES('BO','05','15','MODESTO OMISTE')
INSERT INTO Provincias VALUES('BO','05','16','ENRIQUE BALIDIVIESO')
INSERT INTO Provincias VALUES('BO','06','01','CERCADO')
INSERT INTO Provincias VALUES('BO','06','02','ARCE')
INSERT INTO Provincias VALUES('BO','06','03','GRAN CHACO')
INSERT INTO Provincias VALUES('BO','06','04','AVILEZ')
INSERT INTO Provincias VALUES('BO','06','05','MENDEZ')
INSERT INTO Provincias VALUES('BO','06','06','BURNET OCONNOR')
INSERT INTO Provincias VALUES('BO','07','01','ANDRÉS IBAÑEZ')
INSERT INTO Provincias VALUES('BO','07','02','WARNES')
INSERT INTO Provincias VALUES('BO','07','03','VELASCO')
INSERT INTO Provincias VALUES('BO','07','04','ICHILO')
INSERT INTO Provincias VALUES('BO','07','05','CHIQUITOS')
INSERT INTO Provincias VALUES('BO','07','06','SARA')
INSERT INTO Provincias VALUES('BO','07','07','CORDILLERA')
INSERT INTO Provincias VALUES('BO','07','08','VALLE GRANDE')
INSERT INTO Provincias VALUES('BO','07','09','FLORIDA')
INSERT INTO Provincias VALUES('BO','07','10','OVISPO SANTISTEVAN')
INSERT INTO Provincias VALUES('BO','07','11','ÑUFLO DE CHÁVEZ')
INSERT INTO Provincias VALUES('BO','07','12','ANGEL SANDOVAL')
INSERT INTO Provincias VALUES('BO','07','13','MANUEL MARIA CABALLERO')
INSERT INTO Provincias VALUES('BO','07','14','GERMAN BUSCH')
INSERT INTO Provincias VALUES('BO','07','15','GUARAYOS')
INSERT INTO Provincias VALUES('BO','08','01','CERCADO')
INSERT INTO Provincias VALUES('BO','08','02','VACA DIEZ')
INSERT INTO Provincias VALUES('BO','08','03','GRAL. JOSÉ BALLIVIAN')
INSERT INTO Provincias VALUES('BO','08','04','YACUMA')
INSERT INTO Provincias VALUES('BO','08','05','MOXOS')
INSERT INTO Provincias VALUES('BO','08','06','MARBAN')
INSERT INTO Provincias VALUES('BO','08','07','MAMORÉ')
INSERT INTO Provincias VALUES('BO','08','08','ITENEZ')
INSERT INTO Provincias VALUES('BO','09','01','NICOLÁS SUÁREZ')
INSERT INTO Provincias VALUES('BO','09','02','MANURIPI')
INSERT INTO Provincias VALUES('BO','09','03','MADRE DE DIOS')
INSERT INTO Provincias VALUES('BO','09','04','ABUNÁ')
INSERT INTO Provincias VALUES('BO','09','05','GRAL. FEDERICO ROMÁN')


INSERT INTO Lugares (CodigoPais, CodigoDepartamento, CodigoProvincia, CodigoLugar, NombreLugar) VALUES ('BO', '01', '01', '000','ACHIA')
INSERT INTO Lugares (CodigoPais, CodigoDepartamento, CodigoProvincia, CodigoLugar, NombreLugar) VALUES ('BO', '01', '01', '001','ALCALA')
INSERT INTO Lugares (CodigoPais, CodigoDepartamento, CodigoProvincia, CodigoLugar, NombreLugar) VALUES ('BO', '01', '01', '002','ALDANA')
INSERT INTO Lugares (CodigoPais, CodigoDepartamento, CodigoProvincia, CodigoLugar, NombreLugar) VALUES ('BO', '01', '01', '003','CABEZAS')
INSERT INTO Lugares (CodigoPais, CodigoDepartamento, CodigoProvincia, CodigoLugar, NombreLugar) VALUES ('BO', '01', '01', '004','CACHIMAYU')
INSERT INTO Lugares (CodigoPais, CodigoDepartamento, CodigoProvincia, CodigoLugar, NombreLugar) VALUES ('BO', '01', '01', '005','CAMPUCO')
INSERT INTO Lugares (CodigoPais, CodigoDepartamento, CodigoProvincia, CodigoLugar, NombreLugar) VALUES ('BO', '01', '01', '006','CASPIKANCHA')
INSERT INTO Lugares (CodigoPais, CodigoDepartamento, CodigoProvincia, CodigoLugar, NombreLugar) VALUES ('BO', '01', '01', '007','CHAMINA')
INSERT INTO Lugares (CodigoPais, CodigoDepartamento, CodigoProvincia, CodigoLugar, NombreLugar) VALUES ('BO', '01', '01', '008','CHAUNACA')
INSERT INTO Lugares (CodigoPais, CodigoDepartamento, CodigoProvincia, CodigoLugar, NombreLugar) VALUES ('BO', '01', '01', '009','CHIPIMAYU')
INSERT INTO Lugares (CodigoPais, CodigoDepartamento, CodigoProvincia, CodigoLugar, NombreLugar) VALUES ('BO', '01', '01', '010','CHUQUI CHUQUI')
INSERT INTO Lugares (CodigoPais, CodigoDepartamento, CodigoProvincia, CodigoLugar, NombreLugar) VALUES ('BO', '01', '01', '011','CKACHA CKACHA')
INSERT INTO Lugares (CodigoPais, CodigoDepartamento, CodigoProvincia, CodigoLugar, NombreLugar) VALUES ('BO', '01', '01', '012','CKOCHIS')
INSERT INTO Lugares (CodigoPais, CodigoDepartamento, CodigoProvincia, CodigoLugar, NombreLugar) VALUES ('BO', '01', '01', '013','CKORA CKORA')
INSERT INTO Lugares (CodigoPais, CodigoDepartamento, CodigoProvincia, CodigoLugar, NombreLugar) VALUES ('BO', '01', '01', '014','CKOYULY')
INSERT INTO Lugares (CodigoPais, CodigoDepartamento, CodigoProvincia, CodigoLugar, NombreLugar) VALUES ('BO', '01', '01', '015','COPAVILLQUE')
INSERT INTO Lugares (CodigoPais, CodigoDepartamento, CodigoProvincia, CodigoLugar, NombreLugar) VALUES ('BO', '01', '01', '016','CULLCU')
INSERT INTO Lugares (CodigoPais, CodigoDepartamento, CodigoProvincia, CodigoLugar, NombreLugar) VALUES ('BO', '01', '01', '017','DURAZNILLO')
INSERT INTO Lugares (CodigoPais, CodigoDepartamento, CodigoProvincia, CodigoLugar, NombreLugar) VALUES ('BO', '01', '01', '018','EL CAMPANARIO')
INSERT INTO Lugares (CodigoPais, CodigoDepartamento, CodigoProvincia, CodigoLugar, NombreLugar) VALUES ('BO', '01', '01', '019','EL CHACO')
INSERT INTO Lugares (CodigoPais, CodigoDepartamento, CodigoProvincia, CodigoLugar, NombreLugar) VALUES ('BO', '01', '01', '020','EL PAREDON')
INSERT INTO Lugares (CodigoPais, CodigoDepartamento, CodigoProvincia, CodigoLugar, NombreLugar) VALUES ('BO', '01', '01', '021','EL VALLE QUINALL')
INSERT INTO Lugares (CodigoPais, CodigoDepartamento, CodigoProvincia, CodigoLugar, NombreLugar) VALUES ('BO', '01', '01', '022','GUERRA LOMA')
INSERT INTO Lugares (CodigoPais, CodigoDepartamento, CodigoProvincia, CodigoLugar, NombreLugar) VALUES ('BO', '01', '01', '023','GUZMAN')
INSERT INTO Lugares (CodigoPais, CodigoDepartamento, CodigoProvincia, CodigoLugar, NombreLugar) VALUES ('BO', '01', '01', '024','HOYADA')
INSERT INTO Lugares (CodigoPais, CodigoDepartamento, CodigoProvincia, CodigoLugar, NombreLugar) VALUES ('BO', '01', '01', '025','HUATA')
INSERT INTO Lugares (CodigoPais, CodigoDepartamento, CodigoProvincia, CodigoLugar, NombreLugar) VALUES ('BO', '01', '01', '026','HUAYLLAS')
INSERT INTO Lugares (CodigoPais, CodigoDepartamento, CodigoProvincia, CodigoLugar, NombreLugar) VALUES ('BO', '01', '01', '027','KAINACAS')
INSERT INTO Lugares (CodigoPais, CodigoDepartamento, CodigoProvincia, CodigoLugar, NombreLugar) VALUES ('BO', '01', '01', '028','KATALLA')
INSERT INTO Lugares (CodigoPais, CodigoDepartamento, CodigoProvincia, CodigoLugar, NombreLugar) VALUES ('BO', '01', '01', '029','LA BARRANCA')
INSERT INTO Lugares (CodigoPais, CodigoDepartamento, CodigoProvincia, CodigoLugar, NombreLugar) VALUES ('BO', '01', '01', '030','LA HIGUERA')
INSERT INTO Lugares (CodigoPais, CodigoDepartamento, CodigoProvincia, CodigoLugar, NombreLugar) VALUES ('BO', '01', '01', '031','LA PALMA')
INSERT INTO Lugares (CodigoPais, CodigoDepartamento, CodigoProvincia, CodigoLugar, NombreLugar) VALUES ('BO', '01', '01', '032','LA PUNILLA')
INSERT INTO Lugares (CodigoPais, CodigoDepartamento, CodigoProvincia, CodigoLugar, NombreLugar) VALUES ('BO', '01', '01', '033','LAJASTAMBO')
INSERT INTO Lugares (CodigoPais, CodigoDepartamento, CodigoProvincia, CodigoLugar, NombreLugar) VALUES ('BO', '01', '01', '034','LECHUGUILLAS')
INSERT INTO Lugares (CodigoPais, CodigoDepartamento, CodigoProvincia, CodigoLugar, NombreLugar) VALUES ('BO', '01', '01', '035','M. PILCOMAYU')
INSERT INTO Lugares (CodigoPais, CodigoDepartamento, CodigoProvincia, CodigoLugar, NombreLugar) VALUES ('BO', '01', '01', '036','MAMAHUASI')
INSERT INTO Lugares (CodigoPais, CodigoDepartamento, CodigoProvincia, CodigoLugar, NombreLugar) VALUES ('BO', '01', '01', '037','MARAGUA')
INSERT INTO Lugares (CodigoPais, CodigoDepartamento, CodigoProvincia, CodigoLugar, NombreLugar) VALUES ('BO', '01', '01', '038','MEDIA LUNA')
INSERT INTO Lugares (CodigoPais, CodigoDepartamento, CodigoProvincia, CodigoLugar, NombreLugar) VALUES ('BO', '01', '01', '039','MELONAR')
INSERT INTO Lugares (CodigoPais, CodigoDepartamento, CodigoProvincia, CodigoLugar, NombreLugar) VALUES ('BO', '01', '01', '040','MOJOTORO')
INSERT INTO Lugares (CodigoPais, CodigoDepartamento, CodigoProvincia, CodigoLugar, NombreLugar) VALUES ('BO', '01', '01', '041','MOLLE MOLLE')
INSERT INTO Lugares (CodigoPais, CodigoDepartamento, CodigoProvincia, CodigoLugar, NombreLugar) VALUES ('BO', '01', '01', '042','MOSOJ LLACTA')
INSERT INTO Lugares (CodigoPais, CodigoDepartamento, CodigoProvincia, CodigoLugar, NombreLugar) VALUES ('BO', '01', '01', '043','NORIA ALTA')
INSERT INTO Lugares (CodigoPais, CodigoDepartamento, CodigoProvincia, CodigoLugar, NombreLugar) VALUES ('BO', '01', '01', '044','ÑUCCHU')
INSERT INTO Lugares (CodigoPais, CodigoDepartamento, CodigoProvincia, CodigoLugar, NombreLugar) VALUES ('BO', '01', '01', '045','ORKA')
INSERT INTO Lugares (CodigoPais, CodigoDepartamento, CodigoProvincia, CodigoLugar, NombreLugar) VALUES ('BO', '01', '01', '046','ORURILLO')
INSERT INTO Lugares (CodigoPais, CodigoDepartamento, CodigoProvincia, CodigoLugar, NombreLugar) VALUES ('BO', '01', '01', '047','OVEJERIAS')
INSERT INTO Lugares (CodigoPais, CodigoDepartamento, CodigoProvincia, CodigoLugar, NombreLugar) VALUES ('BO', '01', '01', '048','P.COPAVILQUE')
INSERT INTO Lugares (CodigoPais, CodigoDepartamento, CodigoProvincia, CodigoLugar, NombreLugar) VALUES ('BO', '01', '01', '049','PAREDON')
INSERT INTO Lugares (CodigoPais, CodigoDepartamento, CodigoProvincia, CodigoLugar, NombreLugar) VALUES ('BO', '01', '01', '050','PERAS PAMPA')
INSERT INTO Lugares (CodigoPais, CodigoDepartamento, CodigoProvincia, CodigoLugar, NombreLugar) VALUES ('BO', '01', '01', '051','PITANTORILLA')
INSERT INTO Lugares (CodigoPais, CodigoDepartamento, CodigoProvincia, CodigoLugar, NombreLugar) VALUES ('BO', '01', '01', '052','POJPO')
INSERT INTO Lugares (CodigoPais, CodigoDepartamento, CodigoProvincia, CodigoLugar, NombreLugar) VALUES ('BO', '01', '01', '053','POROMA')
INSERT INTO Lugares (CodigoPais, CodigoDepartamento, CodigoProvincia, CodigoLugar, NombreLugar) VALUES ('BO', '01', '01', '054','POTOLO')
INSERT INTO Lugares (CodigoPais, CodigoDepartamento, CodigoProvincia, CodigoLugar, NombreLugar) VALUES ('BO', '01', '01', '055','PUENTE ARCE')
INSERT INTO Lugares (CodigoPais, CodigoDepartamento, CodigoProvincia, CodigoLugar, NombreLugar) VALUES ('BO', '01', '01', '056','PUNILLA')
INSERT INTO Lugares (CodigoPais, CodigoDepartamento, CodigoProvincia, CodigoLugar, NombreLugar) VALUES ('BO', '01', '01', '057','QUILA QUILA')
INSERT INTO Lugares (CodigoPais, CodigoDepartamento, CodigoProvincia, CodigoLugar, NombreLugar) VALUES ('BO', '01', '01', '058','RUFO')
INSERT INTO Lugares (CodigoPais, CodigoDepartamento, CodigoProvincia, CodigoLugar, NombreLugar) VALUES ('BO', '01', '01', '059','SAN JUAN')
INSERT INTO Lugares (CodigoPais, CodigoDepartamento, CodigoProvincia, CodigoLugar, NombreLugar) VALUES ('BO', '01', '01', '060','SAN PEDRO')
INSERT INTO Lugares (CodigoPais, CodigoDepartamento, CodigoProvincia, CodigoLugar, NombreLugar) VALUES ('BO', '01', '01', '061','SANABRIA')
INSERT INTO Lugares (CodigoPais, CodigoDepartamento, CodigoProvincia, CodigoLugar, NombreLugar) VALUES ('BO', '01', '01', '062','SANTA ELENA')
INSERT INTO Lugares (CodigoPais, CodigoDepartamento, CodigoProvincia, CodigoLugar, NombreLugar) VALUES ('BO', '01', '01', '063','SAPSE')
INSERT INTO Lugares (CodigoPais, CodigoDepartamento, CodigoProvincia, CodigoLugar, NombreLugar) VALUES ('BO', '01', '01', '064','SIVISTO')
INSERT INTO Lugares (CodigoPais, CodigoDepartamento, CodigoProvincia, CodigoLugar, NombreLugar) VALUES ('BO', '01', '01', '065','SOICO')
INSERT INTO Lugares (CodigoPais, CodigoDepartamento, CodigoProvincia, CodigoLugar, NombreLugar) VALUES ('BO', '01', '01', '066','SONCOCHIPA')
INSERT INTO Lugares (CodigoPais, CodigoDepartamento, CodigoProvincia, CodigoLugar, NombreLugar) VALUES ('BO', '01', '01', '067','SUCRE')
INSERT INTO Lugares (CodigoPais, CodigoDepartamento, CodigoProvincia, CodigoLugar, NombreLugar) VALUES ('BO', '01', '01', '068','SURIMA')
INSERT INTO Lugares (CodigoPais, CodigoDepartamento, CodigoProvincia, CodigoLugar, NombreLugar) VALUES ('BO', '01', '01', '069','TACKOS')
INSERT INTO Lugares (CodigoPais, CodigoDepartamento, CodigoProvincia, CodigoLugar, NombreLugar) VALUES ('BO', '01', '01', '070','TAPIAL')
INSERT INTO Lugares (CodigoPais, CodigoDepartamento, CodigoProvincia, CodigoLugar, NombreLugar) VALUES ('BO', '01', '01', '071','TEJAHUASI')
INSERT INTO Lugares (CodigoPais, CodigoDepartamento, CodigoProvincia, CodigoLugar, NombreLugar) VALUES ('BO', '01', '01', '072','TEJAR')
INSERT INTO Lugares (CodigoPais, CodigoDepartamento, CodigoProvincia, CodigoLugar, NombreLugar) VALUES ('BO', '01', '01', '073','THOLA KASA')
INSERT INTO Lugares (CodigoPais, CodigoDepartamento, CodigoProvincia, CodigoLugar, NombreLugar) VALUES ('BO', '01', '01', '074','TINTEROS')
INSERT INTO Lugares (CodigoPais, CodigoDepartamento, CodigoProvincia, CodigoLugar, NombreLugar) VALUES ('BO', '01', '01', '075','TIUMAYO')
INSERT INTO Lugares (CodigoPais, CodigoDepartamento, CodigoProvincia, CodigoLugar, NombreLugar) VALUES ('BO', '01', '01', '076','TUCSUPAYA')
INSERT INTO Lugares (CodigoPais, CodigoDepartamento, CodigoProvincia, CodigoLugar, NombreLugar) VALUES ('BO', '01', '01', '077','TULLMA')
INSERT INTO Lugares (CodigoPais, CodigoDepartamento, CodigoProvincia, CodigoLugar, NombreLugar) VALUES ('BO', '01', '01', '078','TUMPECA')
INSERT INTO Lugares (CodigoPais, CodigoDepartamento, CodigoProvincia, CodigoLugar, NombreLugar) VALUES ('BO', '01', '01', '079','UÑALA')
INSERT INTO Lugares (CodigoPais, CodigoDepartamento, CodigoProvincia, CodigoLugar, NombreLugar) VALUES ('BO', '01', '01', '080','YOTALA')
INSERT INTO Lugares (CodigoPais, CodigoDepartamento, CodigoProvincia, CodigoLugar, NombreLugar) VALUES ('BO', '01', '01', '081','YURUBAMBA')
INSERT INTO Lugares (CodigoPais, CodigoDepartamento, CodigoProvincia, CodigoLugar, NombreLugar) VALUES ('BO', '01', '02', '000','AZURDUY')
INSERT INTO Lugares (CodigoPais, CodigoDepartamento, CodigoProvincia, CodigoLugar, NombreLugar) VALUES ('BO', '01', '02', '001','CAPIRA')
INSERT INTO Lugares (CodigoPais, CodigoDepartamento, CodigoProvincia, CodigoLugar, NombreLugar) VALUES ('BO', '01', '02', '002','CATARI PAMPA')
INSERT INTO Lugares (CodigoPais, CodigoDepartamento, CodigoProvincia, CodigoLugar, NombreLugar) VALUES ('BO', '01', '02', '003','CIMIENTOS')
INSERT INTO Lugares (CodigoPais, CodigoDepartamento, CodigoProvincia, CodigoLugar, NombreLugar) VALUES ('BO', '01', '02', '004','FERNANDEZ')
INSERT INTO Lugares (CodigoPais, CodigoDepartamento, CodigoProvincia, CodigoLugar, NombreLugar) VALUES ('BO', '01', '02', '005','HUANCARANI')
INSERT INTO Lugares (CodigoPais, CodigoDepartamento, CodigoProvincia, CodigoLugar, NombreLugar) VALUES ('BO', '01', '02', '006','KEWEÑAL')
INSERT INTO Lugares (CodigoPais, CodigoDepartamento, CodigoProvincia, CodigoLugar, NombreLugar) VALUES ('BO', '01', '02', '007','LA MARCA')
INSERT INTO Lugares (CodigoPais, CodigoDepartamento, CodigoProvincia, CodigoLugar, NombreLugar) VALUES ('BO', '01', '02', '008','LAS ABRAS')
INSERT INTO Lugares (CodigoPais, CodigoDepartamento, CodigoProvincia, CodigoLugar, NombreLugar) VALUES ('BO', '01', '02', '009','LAS CAÑADAS')
INSERT INTO Lugares (CodigoPais, CodigoDepartamento, CodigoProvincia, CodigoLugar, NombreLugar) VALUES ('BO', '01', '02', '010','LAS CASAS')
INSERT INTO Lugares (CodigoPais, CodigoDepartamento, CodigoProvincia, CodigoLugar, NombreLugar) VALUES ('BO', '01', '02', '011','MARISCAL BRAUM')
INSERT INTO Lugares (CodigoPais, CodigoDepartamento, CodigoProvincia, CodigoLugar, NombreLugar) VALUES ('BO', '01', '02', '012','MOLLENI')
INSERT INTO Lugares (CodigoPais, CodigoDepartamento, CodigoProvincia, CodigoLugar, NombreLugar) VALUES ('BO', '01', '02', '013','NAVOS PAMPA')
INSERT INTO Lugares (CodigoPais, CodigoDepartamento, CodigoProvincia, CodigoLugar, NombreLugar) VALUES ('BO', '01', '02', '014','PAMPA GRANDE')
INSERT INTO Lugares (CodigoPais, CodigoDepartamento, CodigoProvincia, CodigoLugar, NombreLugar) VALUES ('BO', '01', '02', '015','PAMPA HUASI')
INSERT INTO Lugares (CodigoPais, CodigoDepartamento, CodigoProvincia, CodigoLugar, NombreLugar) VALUES ('BO', '01', '02', '016','PICHACANI')
INSERT INTO Lugares (CodigoPais, CodigoDepartamento, CodigoProvincia, CodigoLugar, NombreLugar) VALUES ('BO', '01', '02', '017','QUEHUEÑAL')
INSERT INTO Lugares (CodigoPais, CodigoDepartamento, CodigoProvincia, CodigoLugar, NombreLugar) VALUES ('BO', '01', '02', '018','RIO GRANDE')
INSERT INTO Lugares (CodigoPais, CodigoDepartamento, CodigoProvincia, CodigoLugar, NombreLugar) VALUES ('BO', '01', '02', '019','SAN MIGUEL')
INSERT INTO Lugares (CodigoPais, CodigoDepartamento, CodigoProvincia, CodigoLugar, NombreLugar) VALUES ('BO', '01', '02', '020','SAN PEDRO')
INSERT INTO Lugares (CodigoPais, CodigoDepartamento, CodigoProvincia, CodigoLugar, NombreLugar) VALUES ('BO', '01', '02', '021','SANTA ANA')
INSERT INTO Lugares (CodigoPais, CodigoDepartamento, CodigoProvincia, CodigoLugar, NombreLugar) VALUES ('BO', '01', '02', '022','SANTA ROSA')
INSERT INTO Lugares (CodigoPais, CodigoDepartamento, CodigoProvincia, CodigoLugar, NombreLugar) VALUES ('BO', '01', '02', '023','TAREA PAMPA')
INSERT INTO Lugares (CodigoPais, CodigoDepartamento, CodigoProvincia, CodigoLugar, NombreLugar) VALUES ('BO', '01', '02', '024','TARVITA')
INSERT INTO Lugares (CodigoPais, CodigoDepartamento, CodigoProvincia, CodigoLugar, NombreLugar) VALUES ('BO', '01', '02', '025','THIYUMAYU')
INSERT INTO Lugares (CodigoPais, CodigoDepartamento, CodigoProvincia, CodigoLugar, NombreLugar) VALUES ('BO', '01', '02', '026','TORRECILLAS')
INSERT INTO Lugares (CodigoPais, CodigoDepartamento, CodigoProvincia, CodigoLugar, NombreLugar) VALUES ('BO', '01', '02', '027','VILLA ORIAS')
INSERT INTO Lugares (CodigoPais, CodigoDepartamento, CodigoProvincia, CodigoLugar, NombreLugar) VALUES ('BO', '01', '02', '028','WUAN KARANI')
INSERT INTO Lugares (CodigoPais, CodigoDepartamento, CodigoProvincia, CodigoLugar, NombreLugar) VALUES ('BO', '01', '04', '000','ALCALA')
INSERT INTO Lugares (CodigoPais, CodigoDepartamento, CodigoProvincia, CodigoLugar, NombreLugar) VALUES ('BO', '01', '04', '001','ALISOS')
INSERT INTO Lugares (CodigoPais, CodigoDepartamento, CodigoProvincia, CodigoLugar, NombreLugar) VALUES ('BO', '01', '04', '002','ARQUILLOS')
INSERT INTO Lugares (CodigoPais, CodigoDepartamento, CodigoProvincia, CodigoLugar, NombreLugar) VALUES ('BO', '01', '04', '003','CAJA  MAYU')
INSERT INTO Lugares (CodigoPais, CodigoDepartamento, CodigoProvincia, CodigoLugar, NombreLugar) VALUES ('BO', '01', '04', '004','CALDERA ABAJO')
INSERT INTO Lugares (CodigoPais, CodigoDepartamento, CodigoProvincia, CodigoLugar, NombreLugar) VALUES ('BO', '01', '04', '005','CAÑAHUAYCO')
INSERT INTO Lugares (CodigoPais, CodigoDepartamento, CodigoProvincia, CodigoLugar, NombreLugar) VALUES ('BO', '01', '04', '006','CHAVARRIA')
INSERT INTO Lugares (CodigoPais, CodigoDepartamento, CodigoProvincia, CodigoLugar, NombreLugar) VALUES ('BO', '01', '04', '007','EL CORZO')
INSERT INTO Lugares (CodigoPais, CodigoDepartamento, CodigoProvincia, CodigoLugar, NombreLugar) VALUES ('BO', '01', '04', '008','EL DORADO')
INSERT INTO Lugares (CodigoPais, CodigoDepartamento, CodigoProvincia, CodigoLugar, NombreLugar) VALUES ('BO', '01', '04', '009','EL ROSAL')
INSERT INTO Lugares (CodigoPais, CodigoDepartamento, CodigoProvincia, CodigoLugar, NombreLugar) VALUES ('BO', '01', '04', '010','EL VILLAR')
INSERT INTO Lugares (CodigoPais, CodigoDepartamento, CodigoProvincia, CodigoLugar, NombreLugar) VALUES ('BO', '01', '04', '011','LA PUNILLA')
INSERT INTO Lugares (CodigoPais, CodigoDepartamento, CodigoProvincia, CodigoLugar, NombreLugar) VALUES ('BO', '01', '04', '012','LA REVUELTA')
INSERT INTO Lugares (CodigoPais, CodigoDepartamento, CodigoProvincia, CodigoLugar, NombreLugar) VALUES ('BO', '01', '04', '013','LA VELLEZA')
INSERT INTO Lugares (CodigoPais, CodigoDepartamento, CodigoProvincia, CodigoLugar, NombreLugar) VALUES ('BO', '01', '04', '014','LAGUNILLAS')
INSERT INTO Lugares (CodigoPais, CodigoDepartamento, CodigoProvincia, CodigoLugar, NombreLugar) VALUES ('BO', '01', '04', '015','LAMPASILLOS')
INSERT INTO Lugares (CodigoPais, CodigoDepartamento, CodigoProvincia, CodigoLugar, NombreLugar) VALUES ('BO', '01', '04', '016','LAS CASAS')
INSERT INTO Lugares (CodigoPais, CodigoDepartamento, CodigoProvincia, CodigoLugar, NombreLugar) VALUES ('BO', '01', '04', '017','LEUQUEPAMPA')
INSERT INTO Lugares (CodigoPais, CodigoDepartamento, CodigoProvincia, CodigoLugar, NombreLugar) VALUES ('BO', '01', '04', '018','LIMABAMBA')
INSERT INTO Lugares (CodigoPais, CodigoDepartamento, CodigoProvincia, CodigoLugar, NombreLugar) VALUES ('BO', '01', '04', '019','MILANES')
INSERT INTO Lugares (CodigoPais, CodigoDepartamento, CodigoProvincia, CodigoLugar, NombreLugar) VALUES ('BO', '01', '04', '020','MOJOTORILLO')
INSERT INTO Lugares (CodigoPais, CodigoDepartamento, CodigoProvincia, CodigoLugar, NombreLugar) VALUES ('BO', '01', '04', '021','NARANJOS')
INSERT INTO Lugares (CodigoPais, CodigoDepartamento, CodigoProvincia, CodigoLugar, NombreLugar) VALUES ('BO', '01', '04', '022','PADILLA')
INSERT INTO Lugares (CodigoPais, CodigoDepartamento, CodigoProvincia, CodigoLugar, NombreLugar) VALUES ('BO', '01', '04', '023','PAMPAS DEL CARMEN')
INSERT INTO Lugares (CodigoPais, CodigoDepartamento, CodigoProvincia, CodigoLugar, NombreLugar) VALUES ('BO', '01', '04', '024','PEÑA BLANCA')
INSERT INTO Lugares (CodigoPais, CodigoDepartamento, CodigoProvincia, CodigoLugar, NombreLugar) VALUES ('BO', '01', '04', '025','PERALES')
INSERT INTO Lugares (CodigoPais, CodigoDepartamento, CodigoProvincia, CodigoLugar, NombreLugar) VALUES ('BO', '01', '04', '026','PILIPILI')
INSERT INTO Lugares (CodigoPais, CodigoDepartamento, CodigoProvincia, CodigoLugar, NombreLugar) VALUES ('BO', '01', '04', '027','REAL PAMPA')
INSERT INTO Lugares (CodigoPais, CodigoDepartamento, CodigoProvincia, CodigoLugar, NombreLugar) VALUES ('BO', '01', '04', '028','RICALDE')
INSERT INTO Lugares (CodigoPais, CodigoDepartamento, CodigoProvincia, CodigoLugar, NombreLugar) VALUES ('BO', '01', '04', '029','S. BLAS')
INSERT INTO Lugares (CodigoPais, CodigoDepartamento, CodigoProvincia, CodigoLugar, NombreLugar) VALUES ('BO', '01', '04', '030','SALAZARPAMPA')
INSERT INTO Lugares (CodigoPais, CodigoDepartamento, CodigoProvincia, CodigoLugar, NombreLugar) VALUES ('BO', '01', '04', '031','SAN BLAS')
INSERT INTO Lugares (CodigoPais, CodigoDepartamento, CodigoProvincia, CodigoLugar, NombreLugar) VALUES ('BO', '01', '04', '032','SANTO DOMINGO')
INSERT INTO Lugares (CodigoPais, CodigoDepartamento, CodigoProvincia, CodigoLugar, NombreLugar) VALUES ('BO', '01', '04', '033','SAUCE MAYU')
INSERT INTO Lugares (CodigoPais, CodigoDepartamento, CodigoProvincia, CodigoLugar, NombreLugar) VALUES ('BO', '01', '04', '034','SEGURA')
INSERT INTO Lugares (CodigoPais, CodigoDepartamento, CodigoProvincia, CodigoLugar, NombreLugar) VALUES ('BO', '01', '04', '035','SILLANI')
INSERT INTO Lugares (CodigoPais, CodigoDepartamento, CodigoProvincia, CodigoLugar, NombreLugar) VALUES ('BO', '01', '04', '036','SIRINGA MAYU')
INSERT INTO Lugares (CodigoPais, CodigoDepartamento, CodigoProvincia, CodigoLugar, NombreLugar) VALUES ('BO', '01', '04', '037','SOPACHUY')
INSERT INTO Lugares (CodigoPais, CodigoDepartamento, CodigoProvincia, CodigoLugar, NombreLugar) VALUES ('BO', '01', '04', '038','TACOPAMPA')
INSERT INTO Lugares (CodigoPais, CodigoDepartamento, CodigoProvincia, CodigoLugar, NombreLugar) VALUES ('BO', '01', '04', '039','TACOTAO')
INSERT INTO Lugares (CodigoPais, CodigoDepartamento, CodigoProvincia, CodigoLugar, NombreLugar) VALUES ('BO', '01', '04', '040','TARABUQUILLO')
INSERT INTO Lugares (CodigoPais, CodigoDepartamento, CodigoProvincia, CodigoLugar, NombreLugar) VALUES ('BO', '01', '04', '041','TIYUMAYU')
INSERT INTO Lugares (CodigoPais, CodigoDepartamento, CodigoProvincia, CodigoLugar, NombreLugar) VALUES ('BO', '01', '04', '042','TOMINA')
INSERT INTO Lugares (CodigoPais, CodigoDepartamento, CodigoProvincia, CodigoLugar, NombreLugar) VALUES ('BO', '01', '04', '043','TORRECILLAS')
INSERT INTO Lugares (CodigoPais, CodigoDepartamento, CodigoProvincia, CodigoLugar, NombreLugar) VALUES ('BO', '01', '04', '044','VILLA ALCALA')
INSERT INTO Lugares (CodigoPais, CodigoDepartamento, CodigoProvincia, CodigoLugar, NombreLugar) VALUES ('BO', '01', '04', '045','YACU TOJYA')
INSERT INTO Lugares (CodigoPais, CodigoDepartamento, CodigoProvincia, CodigoLugar, NombreLugar) VALUES ('BO', '01', '05', '000','AÑIMBO')
INSERT INTO Lugares (CodigoPais, CodigoDepartamento, CodigoProvincia, CodigoLugar, NombreLugar) VALUES ('BO', '01', '05', '001','BAÑADO')
INSERT INTO Lugares (CodigoPais, CodigoDepartamento, CodigoProvincia, CodigoLugar, NombreLugar) VALUES ('BO', '01', '05', '002','CAJA MAYU')
INSERT INTO Lugares (CodigoPais, CodigoDepartamento, CodigoProvincia, CodigoLugar, NombreLugar) VALUES ('BO', '01', '05', '003','CANDUA')
INSERT INTO Lugares (CodigoPais, CodigoDepartamento, CodigoProvincia, CodigoLugar, NombreLugar) VALUES ('BO', '01', '05', '004','CARABALLO')
INSERT INTO Lugares (CodigoPais, CodigoDepartamento, CodigoProvincia, CodigoLugar, NombreLugar) VALUES ('BO', '01', '05', '005','CERRILLOS')
INSERT INTO Lugares (CodigoPais, CodigoDepartamento, CodigoProvincia, CodigoLugar, NombreLugar) VALUES ('BO', '01', '05', '006','CHAPIMAYU')
INSERT INTO Lugares (CodigoPais, CodigoDepartamento, CodigoProvincia, CodigoLugar, NombreLugar) VALUES ('BO', '01', '05', '007','CHARAGUA')
INSERT INTO Lugares (CodigoPais, CodigoDepartamento, CodigoProvincia, CodigoLugar, NombreLugar) VALUES ('BO', '01', '05', '008','CUMANDAITI')
INSERT INTO Lugares (CodigoPais, CodigoDepartamento, CodigoProvincia, CodigoLugar, NombreLugar) VALUES ('BO', '01', '05', '009','DURASNITOS')
INSERT INTO Lugares (CodigoPais, CodigoDepartamento, CodigoProvincia, CodigoLugar, NombreLugar) VALUES ('BO', '01', '05', '010','EL ARMADO')
INSERT INTO Lugares (CodigoPais, CodigoDepartamento, CodigoProvincia, CodigoLugar, NombreLugar) VALUES ('BO', '01', '05', '011','EL ZAPALLAR')
INSERT INTO Lugares (CodigoPais, CodigoDepartamento, CodigoProvincia, CodigoLugar, NombreLugar) VALUES ('BO', '01', '05', '012','HACIENDA TITO')
INSERT INTO Lugares (CodigoPais, CodigoDepartamento, CodigoProvincia, CodigoLugar, NombreLugar) VALUES ('BO', '01', '05', '013','HUACARETA')
INSERT INTO Lugares (CodigoPais, CodigoDepartamento, CodigoProvincia, CodigoLugar, NombreLugar) VALUES ('BO', '01', '05', '014','HUERTA MAYO')
INSERT INTO Lugares (CodigoPais, CodigoDepartamento, CodigoProvincia, CodigoLugar, NombreLugar) VALUES ('BO', '01', '05', '015','INGABI')
INSERT INTO Lugares (CodigoPais, CodigoDepartamento, CodigoProvincia, CodigoLugar, NombreLugar) VALUES ('BO', '01', '05', '016','LA CAPILLA')
INSERT INTO Lugares (CodigoPais, CodigoDepartamento, CodigoProvincia, CodigoLugar, NombreLugar) VALUES ('BO', '01', '05', '017','LA FAJCHA')
INSERT INTO Lugares (CodigoPais, CodigoDepartamento, CodigoProvincia, CodigoLugar, NombreLugar) VALUES ('BO', '01', '05', '018','LA GUERRERA')
INSERT INTO Lugares (CodigoPais, CodigoDepartamento, CodigoProvincia, CodigoLugar, NombreLugar) VALUES ('BO', '01', '05', '019','LA PALIZADA')
INSERT INTO Lugares (CodigoPais, CodigoDepartamento, CodigoProvincia, CodigoLugar, NombreLugar) VALUES ('BO', '01', '05', '020','MACHARETI')
INSERT INTO Lugares (CodigoPais, CodigoDepartamento, CodigoProvincia, CodigoLugar, NombreLugar) VALUES ('BO', '01', '05', '021','MAICHA MAYO')
INSERT INTO Lugares (CodigoPais, CodigoDepartamento, CodigoProvincia, CodigoLugar, NombreLugar) VALUES ('BO', '01', '05', '022','MONTEAGUDO')
INSERT INTO Lugares (CodigoPais, CodigoDepartamento, CodigoProvincia, CodigoLugar, NombreLugar) VALUES ('BO', '01', '05', '023','MONTERO')
INSERT INTO Lugares (CodigoPais, CodigoDepartamento, CodigoProvincia, CodigoLugar, NombreLugar) VALUES ('BO', '01', '05', '024','MUYUPAMPA')
INSERT INTO Lugares (CodigoPais, CodigoDepartamento, CodigoProvincia, CodigoLugar, NombreLugar) VALUES ('BO', '01', '05', '025','ÑACAHUASU')
INSERT INTO Lugares (CodigoPais, CodigoDepartamento, CodigoProvincia, CodigoLugar, NombreLugar) VALUES ('BO', '01', '05', '026','ÑACAMIRI')
INSERT INTO Lugares (CodigoPais, CodigoDepartamento, CodigoProvincia, CodigoLugar, NombreLugar) VALUES ('BO', '01', '05', '027','PALMAPAMPA')
INSERT INTO Lugares (CodigoPais, CodigoDepartamento, CodigoProvincia, CodigoLugar, NombreLugar) VALUES ('BO', '01', '05', '028','PAMPA LARGA')
INSERT INTO Lugares (CodigoPais, CodigoDepartamento, CodigoProvincia, CodigoLugar, NombreLugar) VALUES ('BO', '01', '05', '029','PEÑADERIA')
INSERT INTO Lugares (CodigoPais, CodigoDepartamento, CodigoProvincia, CodigoLugar, NombreLugar) VALUES ('BO', '01', '05', '030','PIRAICITO')
INSERT INTO Lugares (CodigoPais, CodigoDepartamento, CodigoProvincia, CodigoLugar, NombreLugar) VALUES ('BO', '01', '05', '031','PIRAIMIRI')
INSERT INTO Lugares (CodigoPais, CodigoDepartamento, CodigoProvincia, CodigoLugar, NombreLugar) VALUES ('BO', '01', '05', '032','POTREROS')
INSERT INTO Lugares (CodigoPais, CodigoDepartamento, CodigoProvincia, CodigoLugar, NombreLugar) VALUES ('BO', '01', '05', '033','POZUELOS')
INSERT INTO Lugares (CodigoPais, CodigoDepartamento, CodigoProvincia, CodigoLugar, NombreLugar) VALUES ('BO', '01', '05', '034','REDENCION PAMPA')
INSERT INTO Lugares (CodigoPais, CodigoDepartamento, CodigoProvincia, CodigoLugar, NombreLugar) VALUES ('BO', '01', '05', '035','ROSARIO DEL INGRE')
INSERT INTO Lugares (CodigoPais, CodigoDepartamento, CodigoProvincia, CodigoLugar, NombreLugar) VALUES ('BO', '01', '05', '036','SA PABLO DE HUACARETA')
INSERT INTO Lugares (CodigoPais, CodigoDepartamento, CodigoProvincia, CodigoLugar, NombreLugar) VALUES ('BO', '01', '05', '037','SAN ANTONIO')
INSERT INTO Lugares (CodigoPais, CodigoDepartamento, CodigoProvincia, CodigoLugar, NombreLugar) VALUES ('BO', '01', '05', '038','SAN JUAN')
INSERT INTO Lugares (CodigoPais, CodigoDepartamento, CodigoProvincia, CodigoLugar, NombreLugar) VALUES ('BO', '01', '05', '039','SAN JUAN DEL BAÑADO')
INSERT INTO Lugares (CodigoPais, CodigoDepartamento, CodigoProvincia, CodigoLugar, NombreLugar) VALUES ('BO', '01', '05', '040','SAN JUAN DEL PIRAI')
INSERT INTO Lugares (CodigoPais, CodigoDepartamento, CodigoProvincia, CodigoLugar, NombreLugar) VALUES ('BO', '01', '05', '041','SAN LORENZO')
INSERT INTO Lugares (CodigoPais, CodigoDepartamento, CodigoProvincia, CodigoLugar, NombreLugar) VALUES ('BO', '01', '05', '042','SAN MIGUEL DE LAS PAMPAS')
INSERT INTO Lugares (CodigoPais, CodigoDepartamento, CodigoProvincia, CodigoLugar, NombreLugar) VALUES ('BO', '01', '05', '043','SAN PEDRO DEL PARAPETI')
INSERT INTO Lugares (CodigoPais, CodigoDepartamento, CodigoProvincia, CodigoLugar, NombreLugar) VALUES ('BO', '01', '05', '044','SERRILLOS')
INSERT INTO Lugares (CodigoPais, CodigoDepartamento, CodigoProvincia, CodigoLugar, NombreLugar) VALUES ('BO', '01', '05', '045','SUNCHU CAÑADA')
INSERT INTO Lugares (CodigoPais, CodigoDepartamento, CodigoProvincia, CodigoLugar, NombreLugar) VALUES ('BO', '01', '05', '046','TICAPAMPA')
INSERT INTO Lugares (CodigoPais, CodigoDepartamento, CodigoProvincia, CodigoLugar, NombreLugar) VALUES ('BO', '01', '05', '047','TICUCHA')
INSERT INTO Lugares (CodigoPais, CodigoDepartamento, CodigoProvincia, CodigoLugar, NombreLugar) VALUES ('BO', '01', '05', '048','TIMBOY PAMPA')
INSERT INTO Lugares (CodigoPais, CodigoDepartamento, CodigoProvincia, CodigoLugar, NombreLugar) VALUES ('BO', '01', '05', '049','ULI ULI')
INSERT INTO Lugares (CodigoPais, CodigoDepartamento, CodigoProvincia, CodigoLugar, NombreLugar) VALUES ('BO', '01', '05', '050','VALLE NUEVO')
INSERT INTO Lugares (CodigoPais, CodigoDepartamento, CodigoProvincia, CodigoLugar, NombreLugar) VALUES ('BO', '01', '05', '051','VALLECITO')
INSERT INTO Lugares (CodigoPais, CodigoDepartamento, CodigoProvincia, CodigoLugar, NombreLugar) VALUES ('BO', '01', '05', '052','YAJO PAMPITA')
INSERT INTO Lugares (CodigoPais, CodigoDepartamento, CodigoProvincia, CodigoLugar, NombreLugar) VALUES ('BO', '01', '05', '053','ZAPALLAR')
INSERT INTO Lugares (CodigoPais, CodigoDepartamento, CodigoProvincia, CodigoLugar, NombreLugar) VALUES ('BO', '01', '06', '000','ALCANTARI')
INSERT INTO Lugares (CodigoPais, CodigoDepartamento, CodigoProvincia, CodigoLugar, NombreLugar) VALUES ('BO', '01', '06', '001','CHOLLCONI')
INSERT INTO Lugares (CodigoPais, CodigoDepartamento, CodigoProvincia, CodigoLugar, NombreLugar) VALUES ('BO', '01', '06', '002','COLLPAMAYU')
INSERT INTO Lugares (CodigoPais, CodigoDepartamento, CodigoProvincia, CodigoLugar, NombreLugar) VALUES ('BO', '01', '06', '003','COMPUCO')
INSERT INTO Lugares (CodigoPais, CodigoDepartamento, CodigoProvincia, CodigoLugar, NombreLugar) VALUES ('BO', '01', '06', '004','CONCEPCION')
INSERT INTO Lugares (CodigoPais, CodigoDepartamento, CodigoProvincia, CodigoLugar, NombreLugar) VALUES ('BO', '01', '06', '005','CORORO')
INSERT INTO Lugares (CodigoPais, CodigoDepartamento, CodigoProvincia, CodigoLugar, NombreLugar) VALUES ('BO', '01', '06', '006','ESCANA')
INSERT INTO Lugares (CodigoPais, CodigoDepartamento, CodigoProvincia, CodigoLugar, NombreLugar) VALUES ('BO', '01', '06', '007','HUASA CANCHA')
INSERT INTO Lugares (CodigoPais, CodigoDepartamento, CodigoProvincia, CodigoLugar, NombreLugar) VALUES ('BO', '01', '06', '008','JACOTA')
INSERT INTO Lugares (CodigoPais, CodigoDepartamento, CodigoProvincia, CodigoLugar, NombreLugar) VALUES ('BO', '01', '06', '009','JATON KAKA')
INSERT INTO Lugares (CodigoPais, CodigoDepartamento, CodigoProvincia, CodigoLugar, NombreLugar) VALUES ('BO', '01', '06', '010','JUMBATI')
INSERT INTO Lugares (CodigoPais, CodigoDepartamento, CodigoProvincia, CodigoLugar, NombreLugar) VALUES ('BO', '01', '06', '011','KOTA')
INSERT INTO Lugares (CodigoPais, CodigoDepartamento, CodigoProvincia, CodigoLugar, NombreLugar) VALUES ('BO', '01', '06', '012','LA MENDOZA')
INSERT INTO Lugares (CodigoPais, CodigoDepartamento, CodigoProvincia, CodigoLugar, NombreLugar) VALUES ('BO', '01', '06', '013','LABADERO')
INSERT INTO Lugares (CodigoPais, CodigoDepartamento, CodigoProvincia, CodigoLugar, NombreLugar) VALUES ('BO', '01', '06', '014','LAMBOYO')
INSERT INTO Lugares (CodigoPais, CodigoDepartamento, CodigoProvincia, CodigoLugar, NombreLugar) VALUES ('BO', '01', '06', '015','LOURDES')
INSERT INTO Lugares (CodigoPais, CodigoDepartamento, CodigoProvincia, CodigoLugar, NombreLugar) VALUES ('BO', '01', '06', '016','MOLLE MAYU')
INSERT INTO Lugares (CodigoPais, CodigoDepartamento, CodigoProvincia, CodigoLugar, NombreLugar) VALUES ('BO', '01', '06', '017','PACCHA')
INSERT INTO Lugares (CodigoPais, CodigoDepartamento, CodigoProvincia, CodigoLugar, NombreLugar) VALUES ('BO', '01', '06', '018','PAMPA YAMPARA')
INSERT INTO Lugares (CodigoPais, CodigoDepartamento, CodigoProvincia, CodigoLugar, NombreLugar) VALUES ('BO', '01', '06', '019','PARDOS')
INSERT INTO Lugares (CodigoPais, CodigoDepartamento, CodigoProvincia, CodigoLugar, NombreLugar) VALUES ('BO', '01', '06', '020','PULQUI ABAROA')
INSERT INTO Lugares (CodigoPais, CodigoDepartamento, CodigoProvincia, CodigoLugar, NombreLugar) VALUES ('BO', '01', '06', '021','QUIRAHUANI')
INSERT INTO Lugares (CodigoPais, CodigoDepartamento, CodigoProvincia, CodigoLugar, NombreLugar) VALUES ('BO', '01', '06', '022','RINCON LUPIARA')
INSERT INTO Lugares (CodigoPais, CodigoDepartamento, CodigoProvincia, CodigoLugar, NombreLugar) VALUES ('BO', '01', '06', '023','SAJPAYA')
INSERT INTO Lugares (CodigoPais, CodigoDepartamento, CodigoProvincia, CodigoLugar, NombreLugar) VALUES ('BO', '01', '06', '024','SAN JUAN')
INSERT INTO Lugares (CodigoPais, CodigoDepartamento, CodigoProvincia, CodigoLugar, NombreLugar) VALUES ('BO', '01', '06', '025','SAUCI PAMPA')
INSERT INTO Lugares (CodigoPais, CodigoDepartamento, CodigoProvincia, CodigoLugar, NombreLugar) VALUES ('BO', '01', '06', '026','SAVINTO')
INSERT INTO Lugares (CodigoPais, CodigoDepartamento, CodigoProvincia, CodigoLugar, NombreLugar) VALUES ('BO', '01', '06', '027','SOROCCHI')
INSERT INTO Lugares (CodigoPais, CodigoDepartamento, CodigoProvincia, CodigoLugar, NombreLugar) VALUES ('BO', '01', '06', '028','SOTOMAYOR')
INSERT INTO Lugares (CodigoPais, CodigoDepartamento, CodigoProvincia, CodigoLugar, NombreLugar) VALUES ('BO', '01', '06', '029','SURIMA')
INSERT INTO Lugares (CodigoPais, CodigoDepartamento, CodigoProvincia, CodigoLugar, NombreLugar) VALUES ('BO', '01', '06', '030','TAMBO')
INSERT INTO Lugares (CodigoPais, CodigoDepartamento, CodigoProvincia, CodigoLugar, NombreLugar) VALUES ('BO', '01', '06', '031','TARABUCO')
INSERT INTO Lugares (CodigoPais, CodigoDepartamento, CodigoProvincia, CodigoLugar, NombreLugar) VALUES ('BO', '01', '06', '032','VILA VILA')
INSERT INTO Lugares (CodigoPais, CodigoDepartamento, CodigoProvincia, CodigoLugar, NombreLugar) VALUES ('BO', '01', '06', '033','YAMPARAEZ')
INSERT INTO Lugares (CodigoPais, CodigoDepartamento, CodigoProvincia, CodigoLugar, NombreLugar) VALUES ('BO', '01', '07', '000','ACCHILLA')
INSERT INTO Lugares (CodigoPais, CodigoDepartamento, CodigoProvincia, CodigoLugar, NombreLugar) VALUES ('BO', '01', '07', '001','APACHETA')
INSERT INTO Lugares (CodigoPais, CodigoDepartamento, CodigoProvincia, CodigoLugar, NombreLugar) VALUES ('BO', '01', '07', '002','BELLA VISTA')
INSERT INTO Lugares (CodigoPais, CodigoDepartamento, CodigoProvincia, CodigoLugar, NombreLugar) VALUES ('BO', '01', '07', '003','BETAYO')
INSERT INTO Lugares (CodigoPais, CodigoDepartamento, CodigoProvincia, CodigoLugar, NombreLugar) VALUES ('BO', '01', '07', '004','CAISACA')
INSERT INTO Lugares (CodigoPais, CodigoDepartamento, CodigoProvincia, CodigoLugar, NombreLugar) VALUES ('BO', '01', '07', '005','CALLPA')
INSERT INTO Lugares (CodigoPais, CodigoDepartamento, CodigoProvincia, CodigoLugar, NombreLugar) VALUES ('BO', '01', '07', '006','CALVARAYOC')
INSERT INTO Lugares (CodigoPais, CodigoDepartamento, CodigoProvincia, CodigoLugar, NombreLugar) VALUES ('BO', '01', '07', '007','CAMARGO')
INSERT INTO Lugares (CodigoPais, CodigoDepartamento, CodigoProvincia, CodigoLugar, NombreLugar) VALUES ('BO', '01', '07', '008','CANCHAS BLANCAS')
INSERT INTO Lugares (CodigoPais, CodigoDepartamento, CodigoProvincia, CodigoLugar, NombreLugar) VALUES ('BO', '01', '07', '009','CARACOLLO')
INSERT INTO Lugares (CodigoPais, CodigoDepartamento, CodigoProvincia, CodigoLugar, NombreLugar) VALUES ('BO', '01', '07', '010','CHINIMAYO')
INSERT INTO Lugares (CodigoPais, CodigoDepartamento, CodigoProvincia, CodigoLugar, NombreLugar) VALUES ('BO', '01', '07', '011','CHUCLLAS')
INSERT INTO Lugares (CodigoPais, CodigoDepartamento, CodigoProvincia, CodigoLugar, NombreLugar) VALUES ('BO', '01', '07', '012','CORMA')
INSERT INTO Lugares (CodigoPais, CodigoDepartamento, CodigoProvincia, CodigoLugar, NombreLugar) VALUES ('BO', '01', '07', '013','EL ROSARIO')
INSERT INTO Lugares (CodigoPais, CodigoDepartamento, CodigoProvincia, CodigoLugar, NombreLugar) VALUES ('BO', '01', '07', '014','ENTRE RIOS')
INSERT INTO Lugares (CodigoPais, CodigoDepartamento, CodigoProvincia, CodigoLugar, NombreLugar) VALUES ('BO', '01', '07', '015','HIGUERAS HUAICO')
INSERT INTO Lugares (CodigoPais, CodigoDepartamento, CodigoProvincia, CodigoLugar, NombreLugar) VALUES ('BO', '01', '07', '016','HOYADA')
INSERT INTO Lugares (CodigoPais, CodigoDepartamento, CodigoProvincia, CodigoLugar, NombreLugar) VALUES ('BO', '01', '07', '017','HUAÑUMA')
INSERT INTO Lugares (CodigoPais, CodigoDepartamento, CodigoProvincia, CodigoLugar, NombreLugar) VALUES ('BO', '01', '07', '018','INCAHUASI')
INSERT INTO Lugares (CodigoPais, CodigoDepartamento, CodigoProvincia, CodigoLugar, NombreLugar) VALUES ('BO', '01', '07', '019','JARCA MAYU')
INSERT INTO Lugares (CodigoPais, CodigoDepartamento, CodigoProvincia, CodigoLugar, NombreLugar) VALUES ('BO', '01', '07', '020','LA PALCA GRANDE')
INSERT INTO Lugares (CodigoPais, CodigoDepartamento, CodigoProvincia, CodigoLugar, NombreLugar) VALUES ('BO', '01', '07', '021','LA PLATEADA')
INSERT INTO Lugares (CodigoPais, CodigoDepartamento, CodigoProvincia, CodigoLugar, NombreLugar) VALUES ('BO', '01', '07', '022','LA TORRE')
INSERT INTO Lugares (CodigoPais, CodigoDepartamento, CodigoProvincia, CodigoLugar, NombreLugar) VALUES ('BO', '01', '07', '023','LAS PAMPAS')
INSERT INTO Lugares (CodigoPais, CodigoDepartamento, CodigoProvincia, CodigoLugar, NombreLugar) VALUES ('BO', '01', '07', '024','LIUTACA')
INSERT INTO Lugares (CodigoPais, CodigoDepartamento, CodigoProvincia, CodigoLugar, NombreLugar) VALUES ('BO', '01', '07', '025','MALLIRI')
INSERT INTO Lugares (CodigoPais, CodigoDepartamento, CodigoProvincia, CodigoLugar, NombreLugar) VALUES ('BO', '01', '07', '026','MUYUQUIRI')
INSERT INTO Lugares (CodigoPais, CodigoDepartamento, CodigoProvincia, CodigoLugar, NombreLugar) VALUES ('BO', '01', '07', '027','OCURI')
INSERT INTO Lugares (CodigoPais, CodigoDepartamento, CodigoProvincia, CodigoLugar, NombreLugar) VALUES ('BO', '01', '07', '028','PADCOYO')
INSERT INTO Lugares (CodigoPais, CodigoDepartamento, CodigoProvincia, CodigoLugar, NombreLugar) VALUES ('BO', '01', '07', '029','PALACIO TAMBO')
INSERT INTO Lugares (CodigoPais, CodigoDepartamento, CodigoProvincia, CodigoLugar, NombreLugar) VALUES ('BO', '01', '07', '030','PALCA CHICA')
INSERT INTO Lugares (CodigoPais, CodigoDepartamento, CodigoProvincia, CodigoLugar, NombreLugar) VALUES ('BO', '01', '07', '031','PAPAGAYO')
INSERT INTO Lugares (CodigoPais, CodigoDepartamento, CodigoProvincia, CodigoLugar, NombreLugar) VALUES ('BO', '01', '07', '032','PAYACOTA DEL CARMEN')
INSERT INTO Lugares (CodigoPais, CodigoDepartamento, CodigoProvincia, CodigoLugar, NombreLugar) VALUES ('BO', '01', '07', '033','PUTUTACA')
INSERT INTO Lugares (CodigoPais, CodigoDepartamento, CodigoProvincia, CodigoLugar, NombreLugar) VALUES ('BO', '01', '07', '034','QUERQUEHUASI')
INSERT INTO Lugares (CodigoPais, CodigoDepartamento, CodigoProvincia, CodigoLugar, NombreLugar) VALUES ('BO', '01', '07', '035','QUIRPIRI')
INSERT INTO Lugares (CodigoPais, CodigoDepartamento, CodigoProvincia, CodigoLugar, NombreLugar) VALUES ('BO', '01', '07', '036','SACA VILLQUE')
INSERT INTO Lugares (CodigoPais, CodigoDepartamento, CodigoProvincia, CodigoLugar, NombreLugar) VALUES ('BO', '01', '07', '037','SAKAPAMPA')
INSERT INTO Lugares (CodigoPais, CodigoDepartamento, CodigoProvincia, CodigoLugar, NombreLugar) VALUES ('BO', '01', '07', '038','SAN LUCAS')
INSERT INTO Lugares (CodigoPais, CodigoDepartamento, CodigoProvincia, CodigoLugar, NombreLugar) VALUES ('BO', '01', '07', '039','SAN MARCELO')
INSERT INTO Lugares (CodigoPais, CodigoDepartamento, CodigoProvincia, CodigoLugar, NombreLugar) VALUES ('BO', '01', '07', '040','SAN PEDRO')
INSERT INTO Lugares (CodigoPais, CodigoDepartamento, CodigoProvincia, CodigoLugar, NombreLugar) VALUES ('BO', '01', '07', '041','SANTA ELENA')
INSERT INTO Lugares (CodigoPais, CodigoDepartamento, CodigoProvincia, CodigoLugar, NombreLugar) VALUES ('BO', '01', '07', '042','SUQUISTACA')
INSERT INTO Lugares (CodigoPais, CodigoDepartamento, CodigoProvincia, CodigoLugar, NombreLugar) VALUES ('BO', '01', '07', '043','TACAQUIRA')
INSERT INTO Lugares (CodigoPais, CodigoDepartamento, CodigoProvincia, CodigoLugar, NombreLugar) VALUES ('BO', '01', '07', '044','TAMBILLOS')
INSERT INTO Lugares (CodigoPais, CodigoDepartamento, CodigoProvincia, CodigoLugar, NombreLugar) VALUES ('BO', '01', '07', '045','TAMBO HUAICO')
INSERT INTO Lugares (CodigoPais, CodigoDepartamento, CodigoProvincia, CodigoLugar, NombreLugar) VALUES ('BO', '01', '07', '046','TIRAHOJO')
INSERT INTO Lugares (CodigoPais, CodigoDepartamento, CodigoProvincia, CodigoLugar, NombreLugar) VALUES ('BO', '01', '07', '047','VILLA CHARCAS')
INSERT INTO Lugares (CodigoPais, CodigoDepartamento, CodigoProvincia, CodigoLugar, NombreLugar) VALUES ('BO', '01', '07', '048','VIVICHA')
INSERT INTO Lugares (CodigoPais, CodigoDepartamento, CodigoProvincia, CodigoLugar, NombreLugar) VALUES ('BO', '01', '08', '000','BLANCA FLOR')
INSERT INTO Lugares (CodigoPais, CodigoDepartamento, CodigoProvincia, CodigoLugar, NombreLugar) VALUES ('BO', '01', '08', '001','CAÑADILLAS')
INSERT INTO Lugares (CodigoPais, CodigoDepartamento, CodigoProvincia, CodigoLugar, NombreLugar) VALUES ('BO', '01', '08', '002','CUSILLO')
INSERT INTO Lugares (CodigoPais, CodigoDepartamento, CodigoProvincia, CodigoLugar, NombreLugar) VALUES ('BO', '01', '08', '003','DURAZNO PAMPA')
INSERT INTO Lugares (CodigoPais, CodigoDepartamento, CodigoProvincia, CodigoLugar, NombreLugar) VALUES ('BO', '01', '08', '004','HOLAPAMPA')
INSERT INTO Lugares (CodigoPais, CodigoDepartamento, CodigoProvincia, CodigoLugar, NombreLugar) VALUES ('BO', '01', '08', '005','HUACAHUASI')
INSERT INTO Lugares (CodigoPais, CodigoDepartamento, CodigoProvincia, CodigoLugar, NombreLugar) VALUES ('BO', '01', '08', '006','LAMPACILLO')
INSERT INTO Lugares (CodigoPais, CodigoDepartamento, CodigoProvincia, CodigoLugar, NombreLugar) VALUES ('BO', '01', '08', '007','MENDOZA')
INSERT INTO Lugares (CodigoPais, CodigoDepartamento, CodigoProvincia, CodigoLugar, NombreLugar) VALUES ('BO', '01', '08', '008','NUEVO MUNDO')
INSERT INTO Lugares (CodigoPais, CodigoDepartamento, CodigoProvincia, CodigoLugar, NombreLugar) VALUES ('BO', '01', '08', '009','PAMPAS DEL TIGRE')
INSERT INTO Lugares (CodigoPais, CodigoDepartamento, CodigoProvincia, CodigoLugar, NombreLugar) VALUES ('BO', '01', '08', '010','PIEDRA GRANDE')
INSERT INTO Lugares (CodigoPais, CodigoDepartamento, CodigoProvincia, CodigoLugar, NombreLugar) VALUES ('BO', '01', '08', '011','SAPI SAPI')
INSERT INTO Lugares (CodigoPais, CodigoDepartamento, CodigoProvincia, CodigoLugar, NombreLugar) VALUES ('BO', '01', '08', '012','SERRANO')
INSERT INTO Lugares (CodigoPais, CodigoDepartamento, CodigoProvincia, CodigoLugar, NombreLugar) VALUES ('BO', '01', '08', '013','TEMPORAL GRANDE')
INSERT INTO Lugares (CodigoPais, CodigoDepartamento, CodigoProvincia, CodigoLugar, NombreLugar) VALUES ('BO', '01', '08', '014','TEMPORALCILLO')
INSERT INTO Lugares (CodigoPais, CodigoDepartamento, CodigoProvincia, CodigoLugar, NombreLugar) VALUES ('BO', '01', '08', '015','TRANCAS')
INSERT INTO Lugares (CodigoPais, CodigoDepartamento, CodigoProvincia, CodigoLugar, NombreLugar) VALUES ('BO', '01', '08', '016','TURO ESTANCIA')
INSERT INTO Lugares (CodigoPais, CodigoDepartamento, CodigoProvincia, CodigoLugar, NombreLugar) VALUES ('BO', '01', '08', '017','URRIOLAGOITIA')
INSERT INTO Lugares (CodigoPais, CodigoDepartamento, CodigoProvincia, CodigoLugar, NombreLugar) VALUES ('BO', '01', '08', '018','VILLA SERRANO')
INSERT INTO Lugares (CodigoPais, CodigoDepartamento, CodigoProvincia, CodigoLugar, NombreLugar) VALUES ('BO', '01', '09', '000','ACHUMA')
INSERT INTO Lugares (CodigoPais, CodigoDepartamento, CodigoProvincia, CodigoLugar, NombreLugar) VALUES ('BO', '01', '09', '001','CAMARGO')
INSERT INTO Lugares (CodigoPais, CodigoDepartamento, CodigoProvincia, CodigoLugar, NombreLugar) VALUES ('BO', '01', '09', '002','CAMPAMENTO')
INSERT INTO Lugares (CodigoPais, CodigoDepartamento, CodigoProvincia, CodigoLugar, NombreLugar) VALUES ('BO', '01', '09', '003','CEDROMAYO')
INSERT INTO Lugares (CodigoPais, CodigoDepartamento, CodigoProvincia, CodigoLugar, NombreLugar) VALUES ('BO', '01', '09', '004','CULPINA')
INSERT INTO Lugares (CodigoPais, CodigoDepartamento, CodigoProvincia, CodigoLugar, NombreLugar) VALUES ('BO', '01', '09', '005','EL PALMAR')
INSERT INTO Lugares (CodigoPais, CodigoDepartamento, CodigoProvincia, CodigoLugar, NombreLugar) VALUES ('BO', '01', '09', '006','EL SALITRE')
INSERT INTO Lugares (CodigoPais, CodigoDepartamento, CodigoProvincia, CodigoLugar, NombreLugar) VALUES ('BO', '01', '09', '007','IMPORA')
INSERT INTO Lugares (CodigoPais, CodigoDepartamento, CodigoProvincia, CodigoLugar, NombreLugar) VALUES ('BO', '01', '09', '008','INCAHUASI')
INSERT INTO Lugares (CodigoPais, CodigoDepartamento, CodigoProvincia, CodigoLugar, NombreLugar) VALUES ('BO', '01', '09', '009','LA SIENEGA')
INSERT INTO Lugares (CodigoPais, CodigoDepartamento, CodigoProvincia, CodigoLugar, NombreLugar) VALUES ('BO', '01', '09', '010','LAS CARRERAS')
INSERT INTO Lugares (CodigoPais, CodigoDepartamento, CodigoProvincia, CodigoLugar, NombreLugar) VALUES ('BO', '01', '09', '011','LIME')
INSERT INTO Lugares (CodigoPais, CodigoDepartamento, CodigoProvincia, CodigoLugar, NombreLugar) VALUES ('BO', '01', '09', '012','M.SANDOVAL')
INSERT INTO Lugares (CodigoPais, CodigoDepartamento, CodigoProvincia, CodigoLugar, NombreLugar) VALUES ('BO', '01', '09', '013','PAMPA GRANDE')
INSERT INTO Lugares (CodigoPais, CodigoDepartamento, CodigoProvincia, CodigoLugar, NombreLugar) VALUES ('BO', '01', '09', '014','PUCAPAMPA')
INSERT INTO Lugares (CodigoPais, CodigoDepartamento, CodigoProvincia, CodigoLugar, NombreLugar) VALUES ('BO', '01', '09', '015','PUEBLO BAJO')
INSERT INTO Lugares (CodigoPais, CodigoDepartamento, CodigoProvincia, CodigoLugar, NombreLugar) VALUES ('BO', '01', '09', '016','SAN AGUSTIN')
INSERT INTO Lugares (CodigoPais, CodigoDepartamento, CodigoProvincia, CodigoLugar, NombreLugar) VALUES ('BO', '01', '09', '017','TARAYA')
INSERT INTO Lugares (CodigoPais, CodigoDepartamento, CodigoProvincia, CodigoLugar, NombreLugar) VALUES ('BO', '01', '09', '018','VILLA ABECIA')
INSERT INTO Lugares (CodigoPais, CodigoDepartamento, CodigoProvincia, CodigoLugar, NombreLugar) VALUES ('BO', '01', '10', '000','AYUNVIRAITY')
INSERT INTO Lugares (CodigoPais, CodigoDepartamento, CodigoProvincia, CodigoLugar, NombreLugar) VALUES ('BO', '01', '10', '001','BOICOBO')
INSERT INTO Lugares (CodigoPais, CodigoDepartamento, CodigoProvincia, CodigoLugar, NombreLugar) VALUES ('BO', '01', '10', '002','CAMARGO')
INSERT INTO Lugares (CodigoPais, CodigoDepartamento, CodigoProvincia, CodigoLugar, NombreLugar) VALUES ('BO', '01', '10', '003','CAÑADA ANCHA')
INSERT INTO Lugares (CodigoPais, CodigoDepartamento, CodigoProvincia, CodigoLugar, NombreLugar) VALUES ('BO', '01', '10', '004','CARANDAITI')
INSERT INTO Lugares (CodigoPais, CodigoDepartamento, CodigoProvincia, CodigoLugar, NombreLugar) VALUES ('BO', '01', '10', '005','CARANDAYTI')
INSERT INTO Lugares (CodigoPais, CodigoDepartamento, CodigoProvincia, CodigoLugar, NombreLugar) VALUES ('BO', '01', '10', '006','CERRILLOS')
INSERT INTO Lugares (CodigoPais, CodigoDepartamento, CodigoProvincia, CodigoLugar, NombreLugar) VALUES ('BO', '01', '10', '007','CHACATIAL')
INSERT INTO Lugares (CodigoPais, CodigoDepartamento, CodigoProvincia, CodigoLugar, NombreLugar) VALUES ('BO', '01', '10', '008','CHUYAYACO')
INSERT INTO Lugares (CodigoPais, CodigoDepartamento, CodigoProvincia, CodigoLugar, NombreLugar) VALUES ('BO', '01', '10', '009','CRUZ PAMPA')
INSERT INTO Lugares (CodigoPais, CodigoDepartamento, CodigoProvincia, CodigoLugar, NombreLugar) VALUES ('BO', '01', '10', '010','CUMANDAITI')
INSERT INTO Lugares (CodigoPais, CodigoDepartamento, CodigoProvincia, CodigoLugar, NombreLugar) VALUES ('BO', '01', '10', '011','HUACAYA')
INSERT INTO Lugares (CodigoPais, CodigoDepartamento, CodigoProvincia, CodigoLugar, NombreLugar) VALUES ('BO', '01', '10', '012','IGUEMBE')
INSERT INTO Lugares (CodigoPais, CodigoDepartamento, CodigoProvincia, CodigoLugar, NombreLugar) VALUES ('BO', '01', '10', '013','IPATY')
INSERT INTO Lugares (CodigoPais, CodigoDepartamento, CodigoProvincia, CodigoLugar, NombreLugar) VALUES ('BO', '01', '10', '014','IVO')
INSERT INTO Lugares (CodigoPais, CodigoDepartamento, CodigoProvincia, CodigoLugar, NombreLugar) VALUES ('BO', '01', '10', '015','LA TAPERA')
INSERT INTO Lugares (CodigoPais, CodigoDepartamento, CodigoProvincia, CodigoLugar, NombreLugar) VALUES ('BO', '01', '10', '016','LAGUNILLITAS')
INSERT INTO Lugares (CodigoPais, CodigoDepartamento, CodigoProvincia, CodigoLugar, NombreLugar) VALUES ('BO', '01', '10', '017','LECHE LECHE')
INSERT INTO Lugares (CodigoPais, CodigoDepartamento, CodigoProvincia, CodigoLugar, NombreLugar) VALUES ('BO', '01', '10', '018','LLOQUEAGUADA')
INSERT INTO Lugares (CodigoPais, CodigoDepartamento, CodigoProvincia, CodigoLugar, NombreLugar) VALUES ('BO', '01', '10', '019','MACHARETI')
INSERT INTO Lugares (CodigoPais, CodigoDepartamento, CodigoProvincia, CodigoLugar, NombreLugar) VALUES ('BO', '01', '10', '020','MUYUPAMPA')
INSERT INTO Lugares (CodigoPais, CodigoDepartamento, CodigoProvincia, CodigoLugar, NombreLugar) VALUES ('BO', '01', '10', '021','ÑACAHUASU')
INSERT INTO Lugares (CodigoPais, CodigoDepartamento, CodigoProvincia, CodigoLugar, NombreLugar) VALUES ('BO', '01', '10', '022','ÑANCAROINZA')
INSERT INTO Lugares (CodigoPais, CodigoDepartamento, CodigoProvincia, CodigoLugar, NombreLugar) VALUES ('BO', '01', '10', '023','PALMA PAMPA')
INSERT INTO Lugares (CodigoPais, CodigoDepartamento, CodigoProvincia, CodigoLugar, NombreLugar) VALUES ('BO', '01', '10', '024','SAPIRANGUIMIRI')
INSERT INTO Lugares (CodigoPais, CodigoDepartamento, CodigoProvincia, CodigoLugar, NombreLugar) VALUES ('BO', '01', '10', '025','SAUSI MAYU')
INSERT INTO Lugares (CodigoPais, CodigoDepartamento, CodigoProvincia, CodigoLugar, NombreLugar) VALUES ('BO', '01', '10', '026','SUÑCHU CAÑADA')
INSERT INTO Lugares (CodigoPais, CodigoDepartamento, CodigoProvincia, CodigoLugar, NombreLugar) VALUES ('BO', '01', '10', '027','TAYASIGUA')
INSERT INTO Lugares (CodigoPais, CodigoDepartamento, CodigoProvincia, CodigoLugar, NombreLugar) VALUES ('BO', '01', '10', '028','TICUCHA')
INSERT INTO Lugares (CodigoPais, CodigoDepartamento, CodigoProvincia, CodigoLugar, NombreLugar) VALUES ('BO', '01', '10', '029','TIGUIPA')
INSERT INTO Lugares (CodigoPais, CodigoDepartamento, CodigoProvincia, CodigoLugar, NombreLugar) VALUES ('BO', '01', '10', '030','TIMBOY PAMPA')
INSERT INTO Lugares (CodigoPais, CodigoDepartamento, CodigoProvincia, CodigoLugar, NombreLugar) VALUES ('BO', '01', '10', '031','TUNAL')
INSERT INTO Lugares (CodigoPais, CodigoDepartamento, CodigoProvincia, CodigoLugar, NombreLugar) VALUES ('BO', '01', '10', '032','VACA GUZMAN')
INSERT INTO Lugares (CodigoPais, CodigoDepartamento, CodigoProvincia, CodigoLugar, NombreLugar) VALUES ('BO', '01', '10', '033','VARRERO CAÑADA')
INSERT INTO Lugares (CodigoPais, CodigoDepartamento, CodigoProvincia, CodigoLugar, NombreLugar) VALUES ('BO', '01', '10', '034','VERGEL')
INSERT INTO Lugares (CodigoPais, CodigoDepartamento, CodigoProvincia, CodigoLugar, NombreLugar) VALUES ('BO', '01', '10', '035','VILLA VISTA')
INSERT INTO Lugares (CodigoPais, CodigoDepartamento, CodigoProvincia, CodigoLugar, NombreLugar) VALUES ('BO', '01', '10', '036','YGUEMBE')
INSERT INTO Lugares (CodigoPais, CodigoDepartamento, CodigoProvincia, CodigoLugar, NombreLugar) VALUES ('BO', '02', '01', '000','EL ALTO')
INSERT INTO Lugares (CodigoPais, CodigoDepartamento, CodigoProvincia, CodigoLugar, NombreLugar) VALUES ('BO', '02', '01', '001','EL TEJAR')
INSERT INTO Lugares (CodigoPais, CodigoDepartamento, CodigoProvincia, CodigoLugar, NombreLugar) VALUES ('BO', '02', '01', '002','LA PAZ')
INSERT INTO Lugares (CodigoPais, CodigoDepartamento, CodigoProvincia, CodigoLugar, NombreLugar) VALUES ('BO', '02', '01', '003','MUNAYPATA')
INSERT INTO Lugares (CodigoPais, CodigoDepartamento, CodigoProvincia, CodigoLugar, NombreLugar) VALUES ('BO', '02', '02', '000','ACHACACHI')
INSERT INTO Lugares (CodigoPais, CodigoDepartamento, CodigoProvincia, CodigoLugar, NombreLugar) VALUES ('BO', '02', '02', '001','ANCORAIMES')
INSERT INTO Lugares (CodigoPais, CodigoDepartamento, CodigoProvincia, CodigoLugar, NombreLugar) VALUES ('BO', '02', '02', '002','HUALATA GRANDE')
INSERT INTO Lugares (CodigoPais, CodigoDepartamento, CodigoProvincia, CodigoLugar, NombreLugar) VALUES ('BO', '02', '02', '003','HUARITA')
INSERT INTO Lugares (CodigoPais, CodigoDepartamento, CodigoProvincia, CodigoLugar, NombreLugar) VALUES ('BO', '02', '02', '004','KALAQUE')
INSERT INTO Lugares (CodigoPais, CodigoDepartamento, CodigoProvincia, CodigoLugar, NombreLugar) VALUES ('BO', '02', '02', '005','LACOCHI')
INSERT INTO Lugares (CodigoPais, CodigoDepartamento, CodigoProvincia, CodigoLugar, NombreLugar) VALUES ('BO', '02', '02', '006','SANTIAGO HUATA')
INSERT INTO Lugares (CodigoPais, CodigoDepartamento, CodigoProvincia, CodigoLugar, NombreLugar) VALUES ('BO', '02', '03', '000','ACERO MARCA')
INSERT INTO Lugares (CodigoPais, CodigoDepartamento, CodigoProvincia, CodigoLugar, NombreLugar) VALUES ('BO', '02', '03', '001','ACHIRI')
INSERT INTO Lugares (CodigoPais, CodigoDepartamento, CodigoProvincia, CodigoLugar, NombreLugar) VALUES ('BO', '02', '03', '002','CALACOTO')
INSERT INTO Lugares (CodigoPais, CodigoDepartamento, CodigoProvincia, CodigoLugar, NombreLugar) VALUES ('BO', '02', '03', '003','CAQUAVIRI')
INSERT INTO Lugares (CodigoPais, CodigoDepartamento, CodigoProvincia, CodigoLugar, NombreLugar) VALUES ('BO', '02', '03', '004','CHALLIPIÑA')
INSERT INTO Lugares (CodigoPais, CodigoDepartamento, CodigoProvincia, CodigoLugar, NombreLugar) VALUES ('BO', '02', '03', '005','CHARAÑA')
INSERT INTO Lugares (CodigoPais, CodigoDepartamento, CodigoProvincia, CodigoLugar, NombreLugar) VALUES ('BO', '02', '03', '006','COROCORO')
INSERT INTO Lugares (CodigoPais, CodigoDepartamento, CodigoProvincia, CodigoLugar, NombreLugar) VALUES ('BO', '02', '03', '007','GENERAL PANDO')
INSERT INTO Lugares (CodigoPais, CodigoDepartamento, CodigoProvincia, CodigoLugar, NombreLugar) VALUES ('BO', '02', '03', '008','KARCAVINTO')
INSERT INTO Lugares (CodigoPais, CodigoDepartamento, CodigoProvincia, CodigoLugar, NombreLugar) VALUES ('BO', '02', '03', '009','KJARI BAJA')
INSERT INTO Lugares (CodigoPais, CodigoDepartamento, CodigoProvincia, CodigoLugar, NombreLugar) VALUES ('BO', '02', '03', '010','SANTIAGO DE MACHACA')
INSERT INTO Lugares (CodigoPais, CodigoDepartamento, CodigoProvincia, CodigoLugar, NombreLugar) VALUES ('BO', '02', '03', '011','TULI')
INSERT INTO Lugares (CodigoPais, CodigoDepartamento, CodigoProvincia, CodigoLugar, NombreLugar) VALUES ('BO', '02', '04', '000','CARABUCO')
INSERT INTO Lugares (CodigoPais, CodigoDepartamento, CodigoProvincia, CodigoLugar, NombreLugar) VALUES ('BO', '02', '04', '001','CHAGUAYA')
INSERT INTO Lugares (CodigoPais, CodigoDepartamento, CodigoProvincia, CodigoLugar, NombreLugar) VALUES ('BO', '02', '04', '002','ESCOMA')
INSERT INTO Lugares (CodigoPais, CodigoDepartamento, CodigoProvincia, CodigoLugar, NombreLugar) VALUES ('BO', '02', '04', '003','JUPPI GRANDE')
INSERT INTO Lugares (CodigoPais, CodigoDepartamento, CodigoProvincia, CodigoLugar, NombreLugar) VALUES ('BO', '02', '04', '004','MINA MATILDE')
INSERT INTO Lugares (CodigoPais, CodigoDepartamento, CodigoProvincia, CodigoLugar, NombreLugar) VALUES ('BO', '02', '04', '005','PARAJACHI')
INSERT INTO Lugares (CodigoPais, CodigoDepartamento, CodigoProvincia, CodigoLugar, NombreLugar) VALUES ('BO', '02', '04', '006','PENINSULA DE CHALLAPATA')
INSERT INTO Lugares (CodigoPais, CodigoDepartamento, CodigoProvincia, CodigoLugar, NombreLugar) VALUES ('BO', '02', '04', '007','TIQUINA')
INSERT INTO Lugares (CodigoPais, CodigoDepartamento, CodigoProvincia, CodigoLugar, NombreLugar) VALUES ('BO', '02', '05', '000','AYATA')
INSERT INTO Lugares (CodigoPais, CodigoDepartamento, CodigoProvincia, CodigoLugar, NombreLugar) VALUES ('BO', '02', '05', '001','TITICACHI')
INSERT INTO Lugares (CodigoPais, CodigoDepartamento, CodigoProvincia, CodigoLugar, NombreLugar) VALUES ('BO', '02', '06', '000','CAMGALLI')
INSERT INTO Lugares (CodigoPais, CodigoDepartamento, CodigoProvincia, CodigoLugar, NombreLugar) VALUES ('BO', '02', '06', '001','CHIMA')
INSERT INTO Lugares (CodigoPais, CodigoDepartamento, CodigoProvincia, CodigoLugar, NombreLugar) VALUES ('BO', '02', '06', '002','CHUCHIPLAYA')
INSERT INTO Lugares (CodigoPais, CodigoDepartamento, CodigoProvincia, CodigoLugar, NombreLugar) VALUES ('BO', '02', '06', '003','CHUQUINI')
INSERT INTO Lugares (CodigoPais, CodigoDepartamento, CodigoProvincia, CodigoLugar, NombreLugar) VALUES ('BO', '02', '06', '004','FUTUCAJA')
INSERT INTO Lugares (CodigoPais, CodigoDepartamento, CodigoProvincia, CodigoLugar, NombreLugar) VALUES ('BO', '02', '06', '005','GUANAY')
INSERT INTO Lugares (CodigoPais, CodigoDepartamento, CodigoProvincia, CodigoLugar, NombreLugar) VALUES ('BO', '02', '06', '006','SORATA')
INSERT INTO Lugares (CodigoPais, CodigoDepartamento, CodigoProvincia, CodigoLugar, NombreLugar) VALUES ('BO', '02', '06', '007','TEOPONTE')
INSERT INTO Lugares (CodigoPais, CodigoDepartamento, CodigoProvincia, CodigoLugar, NombreLugar) VALUES ('BO', '02', '06', '008','TIPUANI')
INSERT INTO Lugares (CodigoPais, CodigoDepartamento, CodigoProvincia, CodigoLugar, NombreLugar) VALUES ('BO', '02', '06', '009','UMA PALCA')
INSERT INTO Lugares (CodigoPais, CodigoDepartamento, CodigoProvincia, CodigoLugar, NombreLugar) VALUES ('BO', '02', '06', '010','UNUTULUNI')
INSERT INTO Lugares (CodigoPais, CodigoDepartamento, CodigoProvincia, CodigoLugar, NombreLugar) VALUES ('BO', '02', '06', '011','VILLA AROMA')
INSERT INTO Lugares (CodigoPais, CodigoDepartamento, CodigoProvincia, CodigoLugar, NombreLugar) VALUES ('BO', '02', '07', '000','APOLO')
INSERT INTO Lugares (CodigoPais, CodigoDepartamento, CodigoProvincia, CodigoLugar, NombreLugar) VALUES ('BO', '02', '07', '001','COLOLO')
INSERT INTO Lugares (CodigoPais, CodigoDepartamento, CodigoProvincia, CodigoLugar, NombreLugar) VALUES ('BO', '02', '08', '000','CORPA')
INSERT INTO Lugares (CodigoPais, CodigoDepartamento, CodigoProvincia, CodigoLugar, NombreLugar) VALUES ('BO', '02', '08', '001','GUAQUI')
INSERT INTO Lugares (CodigoPais, CodigoDepartamento, CodigoProvincia, CodigoLugar, NombreLugar) VALUES ('BO', '02', '08', '002','IRPA CHICO')
INSERT INTO Lugares (CodigoPais, CodigoDepartamento, CodigoProvincia, CodigoLugar, NombreLugar) VALUES ('BO', '02', '08', '003','NAZACARA')
INSERT INTO Lugares (CodigoPais, CodigoDepartamento, CodigoProvincia, CodigoLugar, NombreLugar) VALUES ('BO', '02', '08', '004','SAN JUAN JUANCOLLO')
INSERT INTO Lugares (CodigoPais, CodigoDepartamento, CodigoProvincia, CodigoLugar, NombreLugar) VALUES ('BO', '02', '08', '005','VIACHA')
INSERT INTO Lugares (CodigoPais, CodigoDepartamento, CodigoProvincia, CodigoLugar, NombreLugar) VALUES ('BO', '02', '08', '006','VILLA REMEDIOS')
INSERT INTO Lugares (CodigoPais, CodigoDepartamento, CodigoProvincia, CodigoLugar, NombreLugar) VALUES ('BO', '02', '09', '000','CANTON POROMA')
INSERT INTO Lugares (CodigoPais, CodigoDepartamento, CodigoProvincia, CodigoLugar, NombreLugar) VALUES ('BO', '02', '09', '001','CARACOTO')
INSERT INTO Lugares (CodigoPais, CodigoDepartamento, CodigoProvincia, CodigoLugar, NombreLugar) VALUES ('BO', '02', '09', '002','CAXATA')
INSERT INTO Lugares (CodigoPais, CodigoDepartamento, CodigoProvincia, CodigoLugar, NombreLugar) VALUES ('BO', '02', '09', '003','ESPIRITU SANTO')
INSERT INTO Lugares (CodigoPais, CodigoDepartamento, CodigoProvincia, CodigoLugar, NombreLugar) VALUES ('BO', '02', '09', '004','POROMA')
INSERT INTO Lugares (CodigoPais, CodigoDepartamento, CodigoProvincia, CodigoLugar, NombreLugar) VALUES ('BO', '02', '09', '005','TABLACHACA')
INSERT INTO Lugares (CodigoPais, CodigoDepartamento, CodigoProvincia, CodigoLugar, NombreLugar) VALUES ('BO', '02', '09', '006','VILOCO')
INSERT INTO Lugares (CodigoPais, CodigoDepartamento, CodigoProvincia, CodigoLugar, NombreLugar) VALUES ('BO', '02', '10', '000','CAQUENA')
INSERT INTO Lugares (CodigoPais, CodigoDepartamento, CodigoProvincia, CodigoLugar, NombreLugar) VALUES ('BO', '02', '10', '001','CARACOLES')
INSERT INTO Lugares (CodigoPais, CodigoDepartamento, CodigoProvincia, CodigoLugar, NombreLugar) VALUES ('BO', '02', '10', '002','CHOQUETANGA')
INSERT INTO Lugares (CodigoPais, CodigoDepartamento, CodigoProvincia, CodigoLugar, NombreLugar) VALUES ('BO', '02', '10', '003','CIRCUATA')
INSERT INTO Lugares (CodigoPais, CodigoDepartamento, CodigoProvincia, CodigoLugar, NombreLugar) VALUES ('BO', '02', '10', '004','COLQUIRI')
INSERT INTO Lugares (CodigoPais, CodigoDepartamento, CodigoProvincia, CodigoLugar, NombreLugar) VALUES ('BO', '02', '10', '005','ESCOLA')
INSERT INTO Lugares (CodigoPais, CodigoDepartamento, CodigoProvincia, CodigoLugar, NombreLugar) VALUES ('BO', '02', '10', '006','ICHOCA')
INSERT INTO Lugares (CodigoPais, CodigoDepartamento, CodigoProvincia, CodigoLugar, NombreLugar) VALUES ('BO', '02', '10', '007','MINA ARGENTINA')
INSERT INTO Lugares (CodigoPais, CodigoDepartamento, CodigoProvincia, CodigoLugar, NombreLugar) VALUES ('BO', '02', '10', '008','MINA PACUNI')
INSERT INTO Lugares (CodigoPais, CodigoDepartamento, CodigoProvincia, CodigoLugar, NombreLugar) VALUES ('BO', '02', '10', '009','MOLINOS')
INSERT INTO Lugares (CodigoPais, CodigoDepartamento, CodigoProvincia, CodigoLugar, NombreLugar) VALUES ('BO', '02', '10', '010','PONGO B-2')
INSERT INTO Lugares (CodigoPais, CodigoDepartamento, CodigoProvincia, CodigoLugar, NombreLugar) VALUES ('BO', '02', '10', '011','QUIME')
INSERT INTO Lugares (CodigoPais, CodigoDepartamento, CodigoProvincia, CodigoLugar, NombreLugar) VALUES ('BO', '02', '10', '012','REA REA')
INSERT INTO Lugares (CodigoPais, CodigoDepartamento, CodigoProvincia, CodigoLugar, NombreLugar) VALUES ('BO', '02', '10', '013','SALLALLI')
INSERT INTO Lugares (CodigoPais, CodigoDepartamento, CodigoProvincia, CodigoLugar, NombreLugar) VALUES ('BO', '02', '10', '014','SAYAQUIRA')
INSERT INTO Lugares (CodigoPais, CodigoDepartamento, CodigoProvincia, CodigoLugar, NombreLugar) VALUES ('BO', '02', '10', '015','VILLA CARMEN')
INSERT INTO Lugares (CodigoPais, CodigoDepartamento, CodigoProvincia, CodigoLugar, NombreLugar) VALUES ('BO', '02', '10', '016','VILLA VICTORIA')
INSERT INTO Lugares (CodigoPais, CodigoDepartamento, CodigoProvincia, CodigoLugar, NombreLugar) VALUES ('BO', '02', '11', '000','BOLSA NEGRA')
INSERT INTO Lugares (CodigoPais, CodigoDepartamento, CodigoProvincia, CodigoLugar, NombreLugar) VALUES ('BO', '02', '11', '001','CHOJLLA')
INSERT INTO Lugares (CodigoPais, CodigoDepartamento, CodigoProvincia, CodigoLugar, NombreLugar) VALUES ('BO', '02', '11', '002','CHULUMANI')
INSERT INTO Lugares (CodigoPais, CodigoDepartamento, CodigoProvincia, CodigoLugar, NombreLugar) VALUES ('BO', '02', '11', '003','HUANCARE')
INSERT INTO Lugares (CodigoPais, CodigoDepartamento, CodigoProvincia, CodigoLugar, NombreLugar) VALUES ('BO', '02', '11', '004','IRUPANA')
INSERT INTO Lugares (CodigoPais, CodigoDepartamento, CodigoProvincia, CodigoLugar, NombreLugar) VALUES ('BO', '02', '11', '005','MINA CHOJLLA')
INSERT INTO Lugares (CodigoPais, CodigoDepartamento, CodigoProvincia, CodigoLugar, NombreLugar) VALUES ('BO', '02', '11', '006','PALOS BLANCOS')
INSERT INTO Lugares (CodigoPais, CodigoDepartamento, CodigoProvincia, CodigoLugar, NombreLugar) VALUES ('BO', '02', '12', '000','CHIPAMAYA')
INSERT INTO Lugares (CodigoPais, CodigoDepartamento, CodigoProvincia, CodigoLugar, NombreLugar) VALUES ('BO', '02', '12', '001','LACAYA')
INSERT INTO Lugares (CodigoPais, CodigoDepartamento, CodigoProvincia, CodigoLugar, NombreLugar) VALUES ('BO', '02', '13', '000','AYO AYO')
INSERT INTO Lugares (CodigoPais, CodigoDepartamento, CodigoProvincia, CodigoLugar, NombreLugar) VALUES ('BO', '02', '13', '001','BELEN')
INSERT INTO Lugares (CodigoPais, CodigoDepartamento, CodigoProvincia, CodigoLugar, NombreLugar) VALUES ('BO', '02', '13', '002','CAÑAVIRI')
INSERT INTO Lugares (CodigoPais, CodigoDepartamento, CodigoProvincia, CodigoLugar, NombreLugar) VALUES ('BO', '02', '13', '003','CAPUNUTA')
INSERT INTO Lugares (CodigoPais, CodigoDepartamento, CodigoProvincia, CodigoLugar, NombreLugar) VALUES ('BO', '02', '13', '004','CARACHUYO')
INSERT INTO Lugares (CodigoPais, CodigoDepartamento, CodigoProvincia, CodigoLugar, NombreLugar) VALUES ('BO', '02', '13', '005','CHIARAQUE')
INSERT INTO Lugares (CodigoPais, CodigoDepartamento, CodigoProvincia, CodigoLugar, NombreLugar) VALUES ('BO', '02', '13', '006','CHIJMUNI')
INSERT INTO Lugares (CodigoPais, CodigoDepartamento, CodigoProvincia, CodigoLugar, NombreLugar) VALUES ('BO', '02', '13', '007','HUANOCOLLO')
INSERT INTO Lugares (CodigoPais, CodigoDepartamento, CodigoProvincia, CodigoLugar, NombreLugar) VALUES ('BO', '02', '13', '008','HUARI BELEN')
INSERT INTO Lugares (CodigoPais, CodigoDepartamento, CodigoProvincia, CodigoLugar, NombreLugar) VALUES ('BO', '02', '13', '009','PATACAMAYA')
INSERT INTO Lugares (CodigoPais, CodigoDepartamento, CodigoProvincia, CodigoLugar, NombreLugar) VALUES ('BO', '02', '13', '010','SAN JOSE LLANGA')
INSERT INTO Lugares (CodigoPais, CodigoDepartamento, CodigoProvincia, CodigoLugar, NombreLugar) VALUES ('BO', '02', '13', '011','SICASICA')
INSERT INTO Lugares (CodigoPais, CodigoDepartamento, CodigoProvincia, CodigoLugar, NombreLugar) VALUES ('BO', '02', '13', '012','UMALA')
INSERT INTO Lugares (CodigoPais, CodigoDepartamento, CodigoProvincia, CodigoLugar, NombreLugar) VALUES ('BO', '02', '14', '000','CARANAVI')
INSERT INTO Lugares (CodigoPais, CodigoDepartamento, CodigoProvincia, CodigoLugar, NombreLugar) VALUES ('BO', '02', '14', '001','CHILLAMANI')
INSERT INTO Lugares (CodigoPais, CodigoDepartamento, CodigoProvincia, CodigoLugar, NombreLugar) VALUES ('BO', '02', '14', '002','COROICO')
INSERT INTO Lugares (CodigoPais, CodigoDepartamento, CodigoProvincia, CodigoLugar, NombreLugar) VALUES ('BO', '02', '14', '003','JOSE CARRASCO')
INSERT INTO Lugares (CodigoPais, CodigoDepartamento, CodigoProvincia, CodigoLugar, NombreLugar) VALUES ('BO', '02', '14', '004','SAN SILVERIO')
INSERT INTO Lugares (CodigoPais, CodigoDepartamento, CodigoProvincia, CodigoLugar, NombreLugar) VALUES ('BO', '02', '14', '005','UANAY')
INSERT INTO Lugares (CodigoPais, CodigoDepartamento, CodigoProvincia, CodigoLugar, NombreLugar) VALUES ('BO', '02', '14', '006','VILLA EXALTACION')
INSERT INTO Lugares (CodigoPais, CodigoDepartamento, CodigoProvincia, CodigoLugar, NombreLugar) VALUES ('BO', '02', '15', '000','MILLUNI')
INSERT INTO Lugares (CodigoPais, CodigoDepartamento, CodigoProvincia, CodigoLugar, NombreLugar) VALUES ('BO', '02', '16', '000','CANLAYA')
INSERT INTO Lugares (CodigoPais, CodigoDepartamento, CodigoProvincia, CodigoLugar, NombreLugar) VALUES ('BO', '02', '16', '001','CANTON CURVA')
INSERT INTO Lugares (CodigoPais, CodigoDepartamento, CodigoProvincia, CodigoLugar, NombreLugar) VALUES ('BO', '02', '17', '000','COPACABANA')
INSERT INTO Lugares (CodigoPais, CodigoDepartamento, CodigoProvincia, CodigoLugar, NombreLugar) VALUES ('BO', '02', '17', '001','TIQUINA')
INSERT INTO Lugares (CodigoPais, CodigoDepartamento, CodigoProvincia, CodigoLugar, NombreLugar) VALUES ('BO', '02', '18', '000','CHACARILLA')
INSERT INTO Lugares (CodigoPais, CodigoDepartamento, CodigoProvincia, CodigoLugar, NombreLugar) VALUES ('BO', '02', '18', '001','JANKO MARCA')
INSERT INTO Lugares (CodigoPais, CodigoDepartamento, CodigoProvincia, CodigoLugar, NombreLugar) VALUES ('BO', '02', '18', '002','LLOJLLA CHICO')
INSERT INTO Lugares (CodigoPais, CodigoDepartamento, CodigoProvincia, CodigoLugar, NombreLugar) VALUES ('BO', '02', '18', '003','MOLLEBAMBA')
INSERT INTO Lugares (CodigoPais, CodigoDepartamento, CodigoProvincia, CodigoLugar, NombreLugar) VALUES ('BO', '02', '18', '004','PAPEL - LA PAMPA')
INSERT INTO Lugares (CodigoPais, CodigoDepartamento, CodigoProvincia, CodigoLugar, NombreLugar) VALUES ('BO', '02', '18', '005','ROSAS PATA')
INSERT INTO Lugares (CodigoPais, CodigoDepartamento, CodigoProvincia, CodigoLugar, NombreLugar) VALUES ('BO', '02', '18', '006','SAN JOSE')
INSERT INTO Lugares (CodigoPais, CodigoDepartamento, CodigoProvincia, CodigoLugar, NombreLugar) VALUES ('BO', '02', '20', '000','CARANAVI')
INSERT INTO Lugares (CodigoPais, CodigoDepartamento, CodigoProvincia, CodigoLugar, NombreLugar) VALUES ('BO', '03', '01', '000','AYOPAYA')
INSERT INTO Lugares (CodigoPais, CodigoDepartamento, CodigoProvincia, CodigoLugar, NombreLugar) VALUES ('BO', '03', '01', '001','CALA CALA')
INSERT INTO Lugares (CodigoPais, CodigoDepartamento, CodigoProvincia, CodigoLugar, NombreLugar) VALUES ('BO', '03', '01', '002','CAPINOTA')
INSERT INTO Lugares (CodigoPais, CodigoDepartamento, CodigoProvincia, CodigoLugar, NombreLugar) VALUES ('BO', '03', '01', '003','CHAQUI LAGUNA')
INSERT INTO Lugares (CodigoPais, CodigoDepartamento, CodigoProvincia, CodigoLugar, NombreLugar) VALUES ('BO', '03', '01', '004','COCHABAMBA')
INSERT INTO Lugares (CodigoPais, CodigoDepartamento, CodigoProvincia, CodigoLugar, NombreLugar) VALUES ('BO', '03', '01', '005','COLLPAPAMPA')
INSERT INTO Lugares (CodigoPais, CodigoDepartamento, CodigoProvincia, CodigoLugar, NombreLugar) VALUES ('BO', '03', '01', '006','COMUNA')
INSERT INTO Lugares (CodigoPais, CodigoDepartamento, CodigoProvincia, CodigoLugar, NombreLugar) VALUES ('BO', '03', '01', '007','KANATA')
INSERT INTO Lugares (CodigoPais, CodigoDepartamento, CodigoProvincia, CodigoLugar, NombreLugar) VALUES ('BO', '03', '01', '008','LA FLORIDA')
INSERT INTO Lugares (CodigoPais, CodigoDepartamento, CodigoProvincia, CodigoLugar, NombreLugar) VALUES ('BO', '03', '01', '009','LAS VILLAS - CAMARA JUNIOR')
INSERT INTO Lugares (CodigoPais, CodigoDepartamento, CodigoProvincia, CodigoLugar, NombreLugar) VALUES ('BO', '03', '01', '010','POESMA')
INSERT INTO Lugares (CodigoPais, CodigoDepartamento, CodigoProvincia, CodigoLugar, NombreLugar) VALUES ('BO', '03', '01', '011','QUERU QUERU')
INSERT INTO Lugares (CodigoPais, CodigoDepartamento, CodigoProvincia, CodigoLugar, NombreLugar) VALUES ('BO', '03', '01', '012','QUILLACOLLO')
INSERT INTO Lugares (CodigoPais, CodigoDepartamento, CodigoProvincia, CodigoLugar, NombreLugar) VALUES ('BO', '03', '01', '013','RICARDO PRUDENCIO')
INSERT INTO Lugares (CodigoPais, CodigoDepartamento, CodigoProvincia, CodigoLugar, NombreLugar) VALUES ('BO', '03', '01', '014','SANTA VERA CRUZ')
INSERT INTO Lugares (CodigoPais, CodigoDepartamento, CodigoProvincia, CodigoLugar, NombreLugar) VALUES ('BO', '03', '01', '015','TIQUIPAYA')
INSERT INTO Lugares (CodigoPais, CodigoDepartamento, CodigoProvincia, CodigoLugar, NombreLugar) VALUES ('BO', '03', '01', '016','TODOS SANTOS')
INSERT INTO Lugares (CodigoPais, CodigoDepartamento, CodigoProvincia, CodigoLugar, NombreLugar) VALUES ('BO', '03', '01', '017','VALLE HERMOSO')
INSERT INTO Lugares (CodigoPais, CodigoDepartamento, CodigoProvincia, CodigoLugar, NombreLugar) VALUES ('BO', '03', '01', '018','VILLA TUNARI')
INSERT INTO Lugares (CodigoPais, CodigoDepartamento, CodigoProvincia, CodigoLugar, NombreLugar) VALUES ('BO', '03', '02', '000','AIQUILE')
INSERT INTO Lugares (CodigoPais, CodigoDepartamento, CodigoProvincia, CodigoLugar, NombreLugar) VALUES ('BO', '03', '02', '001','CHAHUARMAYO')
INSERT INTO Lugares (CodigoPais, CodigoDepartamento, CodigoProvincia, CodigoLugar, NombreLugar) VALUES ('BO', '03', '02', '002','CHUCLLAS')
INSERT INTO Lugares (CodigoPais, CodigoDepartamento, CodigoProvincia, CodigoLugar, NombreLugar) VALUES ('BO', '03', '02', '003','CLIZA')
INSERT INTO Lugares (CodigoPais, CodigoDepartamento, CodigoProvincia, CodigoLugar, NombreLugar) VALUES ('BO', '03', '02', '004','HUARA HUARA')
INSERT INTO Lugares (CodigoPais, CodigoDepartamento, CodigoProvincia, CodigoLugar, NombreLugar) VALUES ('BO', '03', '02', '005','LIPAS')
INSERT INTO Lugares (CodigoPais, CodigoDepartamento, CodigoProvincia, CodigoLugar, NombreLugar) VALUES ('BO', '03', '02', '006','OLOY')
INSERT INTO Lugares (CodigoPais, CodigoDepartamento, CodigoProvincia, CodigoLugar, NombreLugar) VALUES ('BO', '03', '02', '007','OMEREQUE')
INSERT INTO Lugares (CodigoPais, CodigoDepartamento, CodigoProvincia, CodigoLugar, NombreLugar) VALUES ('BO', '03', '02', '008','PABELLON')
INSERT INTO Lugares (CodigoPais, CodigoDepartamento, CodigoProvincia, CodigoLugar, NombreLugar) VALUES ('BO', '03', '02', '009','PASORAPA')
INSERT INTO Lugares (CodigoPais, CodigoDepartamento, CodigoProvincia, CodigoLugar, NombreLugar) VALUES ('BO', '03', '02', '010','PUENTE LOMA')
INSERT INTO Lugares (CodigoPais, CodigoDepartamento, CodigoProvincia, CodigoLugar, NombreLugar) VALUES ('BO', '03', '02', '011','RIO GRANDE')
INSERT INTO Lugares (CodigoPais, CodigoDepartamento, CodigoProvincia, CodigoLugar, NombreLugar) VALUES ('BO', '03', '02', '012','SAIPINA')
INSERT INTO Lugares (CodigoPais, CodigoDepartamento, CodigoProvincia, CodigoLugar, NombreLugar) VALUES ('BO', '03', '02', '013','TABACAL')
INSERT INTO Lugares (CodigoPais, CodigoDepartamento, CodigoProvincia, CodigoLugar, NombreLugar) VALUES ('BO', '03', '02', '014','TRIGAL')
INSERT INTO Lugares (CodigoPais, CodigoDepartamento, CodigoProvincia, CodigoLugar, NombreLugar) VALUES ('BO', '03', '02', '015','VILLA GUADALUPE')
INSERT INTO Lugares (CodigoPais, CodigoDepartamento, CodigoProvincia, CodigoLugar, NombreLugar) VALUES ('BO', '03', '02', '016','WARA WARA')
INSERT INTO Lugares (CodigoPais, CodigoDepartamento, CodigoProvincia, CodigoLugar, NombreLugar) VALUES ('BO', '03', '02', '017','ZAMORA')
INSERT INTO Lugares (CodigoPais, CodigoDepartamento, CodigoProvincia, CodigoLugar, NombreLugar) VALUES ('BO', '03', '03', '000','INDEPENDENCIA')
INSERT INTO Lugares (CodigoPais, CodigoDepartamento, CodigoProvincia, CodigoLugar, NombreLugar) VALUES ('BO', '03', '03', '001','KAMI')
INSERT INTO Lugares (CodigoPais, CodigoDepartamento, CodigoProvincia, CodigoLugar, NombreLugar) VALUES ('BO', '03', '03', '002','MACHACA')
INSERT INTO Lugares (CodigoPais, CodigoDepartamento, CodigoProvincia, CodigoLugar, NombreLugar) VALUES ('BO', '03', '03', '003','TOPAZA')
INSERT INTO Lugares (CodigoPais, CodigoDepartamento, CodigoProvincia, CodigoLugar, NombreLugar) VALUES ('BO', '03', '04', '000','ANZALDO')
INSERT INTO Lugares (CodigoPais, CodigoDepartamento, CodigoProvincia, CodigoLugar, NombreLugar) VALUES ('BO', '03', '04', '001','ARANJUEZ')
INSERT INTO Lugares (CodigoPais, CodigoDepartamento, CodigoProvincia, CodigoLugar, NombreLugar) VALUES ('BO', '03', '04', '002','ARBIETO')
INSERT INTO Lugares (CodigoPais, CodigoDepartamento, CodigoProvincia, CodigoLugar, NombreLugar) VALUES ('BO', '03', '04', '003','CLIZA')
INSERT INTO Lugares (CodigoPais, CodigoDepartamento, CodigoProvincia, CodigoLugar, NombreLugar) VALUES ('BO', '03', '04', '004','HUAYCULI')
INSERT INTO Lugares (CodigoPais, CodigoDepartamento, CodigoProvincia, CodigoLugar, NombreLugar) VALUES ('BO', '03', '04', '005','TARATA')
INSERT INTO Lugares (CodigoPais, CodigoDepartamento, CodigoProvincia, CodigoLugar, NombreLugar) VALUES ('BO', '03', '05', '000','ARANI')
INSERT INTO Lugares (CodigoPais, CodigoDepartamento, CodigoProvincia, CodigoLugar, NombreLugar) VALUES ('BO', '03', '05', '001','COLLPA CIACO')
INSERT INTO Lugares (CodigoPais, CodigoDepartamento, CodigoProvincia, CodigoLugar, NombreLugar) VALUES ('BO', '03', '06', '000','ARQUE')
INSERT INTO Lugares (CodigoPais, CodigoDepartamento, CodigoProvincia, CodigoLugar, NombreLugar) VALUES ('BO', '03', '06', '001','BERENGUELA')
INSERT INTO Lugares (CodigoPais, CodigoDepartamento, CodigoProvincia, CodigoLugar, NombreLugar) VALUES ('BO', '03', '06', '002','CALA CALA')
INSERT INTO Lugares (CodigoPais, CodigoDepartamento, CodigoProvincia, CodigoLugar, NombreLugar) VALUES ('BO', '03', '06', '003','CERRO GRANDE')
INSERT INTO Lugares (CodigoPais, CodigoDepartamento, CodigoProvincia, CodigoLugar, NombreLugar) VALUES ('BO', '03', '06', '004','COCHABAMBA')
INSERT INTO Lugares (CodigoPais, CodigoDepartamento, CodigoProvincia, CodigoLugar, NombreLugar) VALUES ('BO', '03', '06', '005','COMUNA')
INSERT INTO Lugares (CodigoPais, CodigoDepartamento, CodigoProvincia, CodigoLugar, NombreLugar) VALUES ('BO', '03', '06', '006','TACOPAYA')
INSERT INTO Lugares (CodigoPais, CodigoDepartamento, CodigoProvincia, CodigoLugar, NombreLugar) VALUES ('BO', '03', '07', '000','BUEN RETIRO')
INSERT INTO Lugares (CodigoPais, CodigoDepartamento, CodigoProvincia, CodigoLugar, NombreLugar) VALUES ('BO', '03', '07', '001','CAPINOTA')
INSERT INTO Lugares (CodigoPais, CodigoDepartamento, CodigoProvincia, CodigoLugar, NombreLugar) VALUES ('BO', '03', '07', '002','CAPORAYA')
INSERT INTO Lugares (CodigoPais, CodigoDepartamento, CodigoProvincia, CodigoLugar, NombreLugar) VALUES ('BO', '03', '07', '003','CHARAMOCO')
INSERT INTO Lugares (CodigoPais, CodigoDepartamento, CodigoProvincia, CodigoLugar, NombreLugar) VALUES ('BO', '03', '07', '004','IRPA IRPA')
INSERT INTO Lugares (CodigoPais, CodigoDepartamento, CodigoProvincia, CodigoLugar, NombreLugar) VALUES ('BO', '03', '07', '005','SANTIVA¥EZ')
INSERT INTO Lugares (CodigoPais, CodigoDepartamento, CodigoProvincia, CodigoLugar, NombreLugar) VALUES ('BO', '03', '08', '000','ANA RANCHO')
INSERT INTO Lugares (CodigoPais, CodigoDepartamento, CodigoProvincia, CodigoLugar, NombreLugar) VALUES ('BO', '03', '08', '001','CHULLPAS')
INSERT INTO Lugares (CodigoPais, CodigoDepartamento, CodigoProvincia, CodigoLugar, NombreLugar) VALUES ('BO', '03', '08', '002','CLIZA')
INSERT INTO Lugares (CodigoPais, CodigoDepartamento, CodigoProvincia, CodigoLugar, NombreLugar) VALUES ('BO', '03', '08', '003','HUASACALLE')
INSERT INTO Lugares (CodigoPais, CodigoDepartamento, CodigoProvincia, CodigoLugar, NombreLugar) VALUES ('BO', '03', '08', '004','MONTEREDONDO')
INSERT INTO Lugares (CodigoPais, CodigoDepartamento, CodigoProvincia, CodigoLugar, NombreLugar) VALUES ('BO', '03', '08', '005','OCURE¥A')
INSERT INTO Lugares (CodigoPais, CodigoDepartamento, CodigoProvincia, CodigoLugar, NombreLugar) VALUES ('BO', '03', '08', '006','PACPANI')
INSERT INTO Lugares (CodigoPais, CodigoDepartamento, CodigoProvincia, CodigoLugar, NombreLugar) VALUES ('BO', '03', '08', '007','TOCO')
INSERT INTO Lugares (CodigoPais, CodigoDepartamento, CodigoProvincia, CodigoLugar, NombreLugar) VALUES ('BO', '03', '08', '008','UCUREÑA')
INSERT INTO Lugares (CodigoPais, CodigoDepartamento, CodigoProvincia, CodigoLugar, NombreLugar) VALUES ('BO', '03', '10', '000','SACABA')
INSERT INTO Lugares (CodigoPais, CodigoDepartamento, CodigoProvincia, CodigoLugar, NombreLugar) VALUES ('BO', '03', '10', '001','SAN MIGUEL')
INSERT INTO Lugares (CodigoPais, CodigoDepartamento, CodigoProvincia, CodigoLugar, NombreLugar) VALUES ('BO', '03', '10', '002','TROPICAL')
INSERT INTO Lugares (CodigoPais, CodigoDepartamento, CodigoProvincia, CodigoLugar, NombreLugar) VALUES ('BO', '03', '11', '000','TAPACARI')
INSERT INTO Lugares (CodigoPais, CodigoDepartamento, CodigoProvincia, CodigoLugar, NombreLugar) VALUES ('BO', '03', '11', '001','VINTO')
INSERT INTO Lugares (CodigoPais, CodigoDepartamento, CodigoProvincia, CodigoLugar, NombreLugar) VALUES ('BO', '03', '12', '000','"T" TROPICAL')
INSERT INTO Lugares (CodigoPais, CodigoDepartamento, CodigoProvincia, CodigoLugar, NombreLugar) VALUES ('BO', '03', '12', '001','CHIMBOATA')
INSERT INTO Lugares (CodigoPais, CodigoDepartamento, CodigoProvincia, CodigoLugar, NombreLugar) VALUES ('BO', '03', '12', '002','CHIMORE')
INSERT INTO Lugares (CodigoPais, CodigoDepartamento, CodigoProvincia, CodigoLugar, NombreLugar) VALUES ('BO', '03', '12', '003','CHUCLLAS')
INSERT INTO Lugares (CodigoPais, CodigoDepartamento, CodigoProvincia, CodigoLugar, NombreLugar) VALUES ('BO', '03', '12', '004','EPIZANA')
INSERT INTO Lugares (CodigoPais, CodigoDepartamento, CodigoProvincia, CodigoLugar, NombreLugar) VALUES ('BO', '03', '12', '005','HUANCUNI')
INSERT INTO Lugares (CodigoPais, CodigoDepartamento, CodigoProvincia, CodigoLugar, NombreLugar) VALUES ('BO', '03', '12', '006','IVIRGARZAMA')
INSERT INTO Lugares (CodigoPais, CodigoDepartamento, CodigoProvincia, CodigoLugar, NombreLugar) VALUES ('BO', '03', '12', '007','POJO')
INSERT INTO Lugares (CodigoPais, CodigoDepartamento, CodigoProvincia, CodigoLugar, NombreLugar) VALUES ('BO', '03', '12', '008','PUERTO VILLARROEL')
INSERT INTO Lugares (CodigoPais, CodigoDepartamento, CodigoProvincia, CodigoLugar, NombreLugar) VALUES ('BO', '03', '12', '009','TOTORA')
INSERT INTO Lugares (CodigoPais, CodigoDepartamento, CodigoProvincia, CodigoLugar, NombreLugar) VALUES ('BO', '03', '12', '010','VALLE DE SACTA')
INSERT INTO Lugares (CodigoPais, CodigoDepartamento, CodigoProvincia, CodigoLugar, NombreLugar) VALUES ('BO', '03', '12', '011','VALLE TRANSVERSAL')
INSERT INTO Lugares (CodigoPais, CodigoDepartamento, CodigoProvincia, CodigoLugar, NombreLugar) VALUES ('BO', '03', '12', '012','YANA YANA')
INSERT INTO Lugares (CodigoPais, CodigoDepartamento, CodigoProvincia, CodigoLugar, NombreLugar) VALUES ('BO', '03', '13', '000','CALLAPANI')
INSERT INTO Lugares (CodigoPais, CodigoDepartamento, CodigoProvincia, CodigoLugar, NombreLugar) VALUES ('BO', '03', '13', '001','MIZQUE')
INSERT INTO Lugares (CodigoPais, CodigoDepartamento, CodigoProvincia, CodigoLugar, NombreLugar) VALUES ('BO', '03', '13', '002','TIPA TIPA')
INSERT INTO Lugares (CodigoPais, CodigoDepartamento, CodigoProvincia, CodigoLugar, NombreLugar) VALUES ('BO', '03', '13', '003','VILLA VISCARRA')
INSERT INTO Lugares (CodigoPais, CodigoDepartamento, CodigoProvincia, CodigoLugar, NombreLugar) VALUES ('BO', '03', '14', '000','LAGUNA SULTI')
INSERT INTO Lugares (CodigoPais, CodigoDepartamento, CodigoProvincia, CodigoLugar, NombreLugar) VALUES ('BO', '03', '14', '001','PUNATA')
INSERT INTO Lugares (CodigoPais, CodigoDepartamento, CodigoProvincia, CodigoLugar, NombreLugar) VALUES ('BO', '03', '14', '002','TACACHI')
INSERT INTO Lugares (CodigoPais, CodigoDepartamento, CodigoProvincia, CodigoLugar, NombreLugar) VALUES ('BO', '03', '14', '003','VILLA MENDOZA')
INSERT INTO Lugares (CodigoPais, CodigoDepartamento, CodigoProvincia, CodigoLugar, NombreLugar) VALUES ('BO', '03', '14', '004','VILLA RIVERO')
INSERT INTO Lugares (CodigoPais, CodigoDepartamento, CodigoProvincia, CodigoLugar, NombreLugar) VALUES ('BO', '04', '01', '000','CARACOLLO')
INSERT INTO Lugares (CodigoPais, CodigoDepartamento, CodigoProvincia, CodigoLugar, NombreLugar) VALUES ('BO', '04', '01', '001','CHALLACOLLO')
INSERT INTO Lugares (CodigoPais, CodigoDepartamento, CodigoProvincia, CodigoLugar, NombreLugar) VALUES ('BO', '04', '01', '002','CHALLAPATA')
INSERT INTO Lugares (CodigoPais, CodigoDepartamento, CodigoProvincia, CodigoLugar, NombreLugar) VALUES ('BO', '04', '01', '003','COLQUIRI')
INSERT INTO Lugares (CodigoPais, CodigoDepartamento, CodigoProvincia, CodigoLugar, NombreLugar) VALUES ('BO', '04', '01', '004','CRUCERO BELEN')
INSERT INTO Lugares (CodigoPais, CodigoDepartamento, CodigoProvincia, CodigoLugar, NombreLugar) VALUES ('BO', '04', '01', '005','EUCALIPTUS')
INSERT INTO Lugares (CodigoPais, CodigoDepartamento, CodigoProvincia, CodigoLugar, NombreLugar) VALUES ('BO', '04', '01', '006','LA JOYA')
INSERT INTO Lugares (CodigoPais, CodigoDepartamento, CodigoProvincia, CodigoLugar, NombreLugar) VALUES ('BO', '04', '01', '007','MACHACAMARCA')
INSERT INTO Lugares (CodigoPais, CodigoDepartamento, CodigoProvincia, CodigoLugar, NombreLugar) VALUES ('BO', '04', '01', '008','ORURO')
INSERT INTO Lugares (CodigoPais, CodigoDepartamento, CodigoProvincia, CodigoLugar, NombreLugar) VALUES ('BO', '04', '01', '009','SAN JOSE')
INSERT INTO Lugares (CodigoPais, CodigoDepartamento, CodigoProvincia, CodigoLugar, NombreLugar) VALUES ('BO', '04', '02', '000','ANCACATO')
INSERT INTO Lugares (CodigoPais, CodigoDepartamento, CodigoProvincia, CodigoLugar, NombreLugar) VALUES ('BO', '04', '02', '001','ANCARA')
INSERT INTO Lugares (CodigoPais, CodigoDepartamento, CodigoProvincia, CodigoLugar, NombreLugar) VALUES ('BO', '04', '02', '002','AYALA')
INSERT INTO Lugares (CodigoPais, CodigoDepartamento, CodigoProvincia, CodigoLugar, NombreLugar) VALUES ('BO', '04', '02', '003','BUENA VISTA')
INSERT INTO Lugares (CodigoPais, CodigoDepartamento, CodigoProvincia, CodigoLugar, NombreLugar) VALUES ('BO', '04', '02', '004','CACACHACA')
INSERT INTO Lugares (CodigoPais, CodigoDepartamento, CodigoProvincia, CodigoLugar, NombreLugar) VALUES ('BO', '04', '02', '005','CHALLAPATA')
INSERT INTO Lugares (CodigoPais, CodigoDepartamento, CodigoProvincia, CodigoLugar, NombreLugar) VALUES ('BO', '04', '02', '006','CHAPICHAPI')
INSERT INTO Lugares (CodigoPais, CodigoDepartamento, CodigoProvincia, CodigoLugar, NombreLugar) VALUES ('BO', '04', '02', '007','COLLANA')
INSERT INTO Lugares (CodigoPais, CodigoDepartamento, CodigoProvincia, CodigoLugar, NombreLugar) VALUES ('BO', '04', '02', '008','CRUCE CULTA')
INSERT INTO Lugares (CodigoPais, CodigoDepartamento, CodigoProvincia, CodigoLugar, NombreLugar) VALUES ('BO', '04', '02', '009','CRUCERO')
INSERT INTO Lugares (CodigoPais, CodigoDepartamento, CodigoProvincia, CodigoLugar, NombreLugar) VALUES ('BO', '04', '02', '010','CULTA')
INSERT INTO Lugares (CodigoPais, CodigoDepartamento, CodigoProvincia, CodigoLugar, NombreLugar) VALUES ('BO', '04', '02', '011','HUANCARANE')
INSERT INTO Lugares (CodigoPais, CodigoDepartamento, CodigoProvincia, CodigoLugar, NombreLugar) VALUES ('BO', '04', '02', '012','HUARI')
INSERT INTO Lugares (CodigoPais, CodigoDepartamento, CodigoProvincia, CodigoLugar, NombreLugar) VALUES ('BO', '04', '02', '013','HUAYLLAMARCA')
INSERT INTO Lugares (CodigoPais, CodigoDepartamento, CodigoProvincia, CodigoLugar, NombreLugar) VALUES ('BO', '04', '02', '014','LAGUNILLAS')
INSERT INTO Lugares (CodigoPais, CodigoDepartamento, CodigoProvincia, CodigoLugar, NombreLugar) VALUES ('BO', '04', '02', '015','PEQUEREQUE')
INSERT INTO Lugares (CodigoPais, CodigoDepartamento, CodigoProvincia, CodigoLugar, NombreLugar) VALUES ('BO', '04', '02', '016','POQUIRIRI')
INSERT INTO Lugares (CodigoPais, CodigoDepartamento, CodigoProvincia, CodigoLugar, NombreLugar) VALUES ('BO', '04', '02', '017','PORQUIRIRI')
INSERT INTO Lugares (CodigoPais, CodigoDepartamento, CodigoProvincia, CodigoLugar, NombreLugar) VALUES ('BO', '04', '02', '018','QUILLACAS')
INSERT INTO Lugares (CodigoPais, CodigoDepartamento, CodigoProvincia, CodigoLugar, NombreLugar) VALUES ('BO', '04', '02', '019','SAN PEDRO DE CONDO')
INSERT INTO Lugares (CodigoPais, CodigoDepartamento, CodigoProvincia, CodigoLugar, NombreLugar) VALUES ('BO', '04', '02', '020','SEVARUYO')
INSERT INTO Lugares (CodigoPais, CodigoDepartamento, CodigoProvincia, CodigoLugar, NombreLugar) VALUES ('BO', '04', '02', '021','SICA SICA')
INSERT INTO Lugares (CodigoPais, CodigoDepartamento, CodigoProvincia, CodigoLugar, NombreLugar) VALUES ('BO', '04', '02', '022','SORAGA')
INSERT INTO Lugares (CodigoPais, CodigoDepartamento, CodigoProvincia, CodigoLugar, NombreLugar) VALUES ('BO', '04', '02', '023','URMIRI')
INSERT INTO Lugares (CodigoPais, CodigoDepartamento, CodigoProvincia, CodigoLugar, NombreLugar) VALUES ('BO', '04', '02', '024','VICHAJLUPE')
INSERT INTO Lugares (CodigoPais, CodigoDepartamento, CodigoProvincia, CodigoLugar, NombreLugar) VALUES ('BO', '04', '03', '000','ANDAMARCA')
INSERT INTO Lugares (CodigoPais, CodigoDepartamento, CodigoProvincia, CodigoLugar, NombreLugar) VALUES ('BO', '04', '03', '001','ANKO-KALA')
INSERT INTO Lugares (CodigoPais, CodigoDepartamento, CodigoProvincia, CodigoLugar, NombreLugar) VALUES ('BO', '04', '03', '002','AVAROA')
INSERT INTO Lugares (CodigoPais, CodigoDepartamento, CodigoProvincia, CodigoLugar, NombreLugar) VALUES ('BO', '04', '03', '003','CALAMA')
INSERT INTO Lugares (CodigoPais, CodigoDepartamento, CodigoProvincia, CodigoLugar, NombreLugar) VALUES ('BO', '04', '03', '004','CHOJÑO HUMA')
INSERT INTO Lugares (CodigoPais, CodigoDepartamento, CodigoProvincia, CodigoLugar, NombreLugar) VALUES ('BO', '04', '03', '005','CORQUE')
INSERT INTO Lugares (CodigoPais, CodigoDepartamento, CodigoProvincia, CodigoLugar, NombreLugar) VALUES ('BO', '04', '03', '006','CUYUNDANI')
INSERT INTO Lugares (CodigoPais, CodigoDepartamento, CodigoProvincia, CodigoLugar, NombreLugar) VALUES ('BO', '04', '03', '007','HUALLAMARCA')
INSERT INTO Lugares (CodigoPais, CodigoDepartamento, CodigoProvincia, CodigoLugar, NombreLugar) VALUES ('BO', '04', '03', '008','ORINOCA')
INSERT INTO Lugares (CodigoPais, CodigoDepartamento, CodigoProvincia, CodigoLugar, NombreLugar) VALUES ('BO', '04', '03', '009','SAN MIGUEL')
INSERT INTO Lugares (CodigoPais, CodigoDepartamento, CodigoProvincia, CodigoLugar, NombreLugar) VALUES ('BO', '04', '03', '010','SAVAYA')
INSERT INTO Lugares (CodigoPais, CodigoDepartamento, CodigoProvincia, CodigoLugar, NombreLugar) VALUES ('BO', '04', '03', '011','VILLA ESPERANZA')
INSERT INTO Lugares (CodigoPais, CodigoDepartamento, CodigoProvincia, CodigoLugar, NombreLugar) VALUES ('BO', '04', '04', '000','CURAHUARA')
INSERT INTO Lugares (CodigoPais, CodigoDepartamento, CodigoProvincia, CodigoLugar, NombreLugar) VALUES ('BO', '04', '04', '001','TINQUIJIPE')
INSERT INTO Lugares (CodigoPais, CodigoDepartamento, CodigoProvincia, CodigoLugar, NombreLugar) VALUES ('BO', '04', '04', '002','TURCO')
INSERT INTO Lugares (CodigoPais, CodigoDepartamento, CodigoProvincia, CodigoLugar, NombreLugar) VALUES ('BO', '04', '05', '000','ESCARA')
INSERT INTO Lugares (CodigoPais, CodigoDepartamento, CodigoProvincia, CodigoLugar, NombreLugar) VALUES ('BO', '04', '06', '000','ANTEQUERA')
INSERT INTO Lugares (CodigoPais, CodigoDepartamento, CodigoProvincia, CodigoLugar, NombreLugar) VALUES ('BO', '04', '06', '001','AVICAYA')
INSERT INTO Lugares (CodigoPais, CodigoDepartamento, CodigoProvincia, CodigoLugar, NombreLugar) VALUES ('BO', '04', '06', '002','CARIVIRI')
INSERT INTO Lugares (CodigoPais, CodigoDepartamento, CodigoProvincia, CodigoLugar, NombreLugar) VALUES ('BO', '04', '06', '003','CHOCOCHOCO')
INSERT INTO Lugares (CodigoPais, CodigoDepartamento, CodigoProvincia, CodigoLugar, NombreLugar) VALUES ('BO', '04', '06', '004','CHUALLA')
INSERT INTO Lugares (CodigoPais, CodigoDepartamento, CodigoProvincia, CodigoLugar, NombreLugar) VALUES ('BO', '04', '06', '005','ESTALSA')
INSERT INTO Lugares (CodigoPais, CodigoDepartamento, CodigoProvincia, CodigoLugar, NombreLugar) VALUES ('BO', '04', '06', '006','HUAYRAPATA')
INSERT INTO Lugares (CodigoPais, CodigoDepartamento, CodigoProvincia, CodigoLugar, NombreLugar) VALUES ('BO', '04', '06', '007','JACHUYO')
INSERT INTO Lugares (CodigoPais, CodigoDepartamento, CodigoProvincia, CodigoLugar, NombreLugar) VALUES ('BO', '04', '06', '008','MINCHIN')
INSERT INTO Lugares (CodigoPais, CodigoDepartamento, CodigoProvincia, CodigoLugar, NombreLugar) VALUES ('BO', '04', '06', '009','PAZÑA')
INSERT INTO Lugares (CodigoPais, CodigoDepartamento, CodigoProvincia, CodigoLugar, NombreLugar) VALUES ('BO', '04', '06', '010','PEÑAS')
INSERT INTO Lugares (CodigoPais, CodigoDepartamento, CodigoProvincia, CodigoLugar, NombreLugar) VALUES ('BO', '04', '06', '011','PLAYA VERDE')
INSERT INTO Lugares (CodigoPais, CodigoDepartamento, CodigoProvincia, CodigoLugar, NombreLugar) VALUES ('BO', '04', '06', '012','POOPO')
INSERT INTO Lugares (CodigoPais, CodigoDepartamento, CodigoProvincia, CodigoLugar, NombreLugar) VALUES ('BO', '04', '06', '013','QUEHUALLANI')
INSERT INTO Lugares (CodigoPais, CodigoDepartamento, CodigoProvincia, CodigoLugar, NombreLugar) VALUES ('BO', '04', '06', '014','SAN IGNACIO')
INSERT INTO Lugares (CodigoPais, CodigoDepartamento, CodigoProvincia, CodigoLugar, NombreLugar) VALUES ('BO', '04', '06', '015','SANTA RITA')
INSERT INTO Lugares (CodigoPais, CodigoDepartamento, CodigoProvincia, CodigoLugar, NombreLugar) VALUES ('BO', '04', '06', '016','TONCORI')
INSERT INTO Lugares (CodigoPais, CodigoDepartamento, CodigoProvincia, CodigoLugar, NombreLugar) VALUES ('BO', '04', '06', '017','TOTORAL')
INSERT INTO Lugares (CodigoPais, CodigoDepartamento, CodigoProvincia, CodigoLugar, NombreLugar) VALUES ('BO', '04', '06', '018','VENTA Y MEDIA')
INSERT INTO Lugares (CodigoPais, CodigoDepartamento, CodigoProvincia, CodigoLugar, NombreLugar) VALUES ('BO', '04', '06', '019','VILLA POOPO')
INSERT INTO Lugares (CodigoPais, CodigoDepartamento, CodigoProvincia, CodigoLugar, NombreLugar) VALUES ('BO', '04', '08', '000','AROMA')
INSERT INTO Lugares (CodigoPais, CodigoDepartamento, CodigoProvincia, CodigoLugar, NombreLugar) VALUES ('BO', '04', '08', '001','CHALLGUA')
INSERT INTO Lugares (CodigoPais, CodigoDepartamento, CodigoProvincia, CodigoLugar, NombreLugar) VALUES ('BO', '04', '08', '002','CONCEPCION BELEN')
INSERT INTO Lugares (CodigoPais, CodigoDepartamento, CodigoProvincia, CodigoLugar, NombreLugar) VALUES ('BO', '04', '08', '003','PAMPA ULLAGAS')
INSERT INTO Lugares (CodigoPais, CodigoDepartamento, CodigoProvincia, CodigoLugar, NombreLugar) VALUES ('BO', '04', '08', '004','PAMPAUTA')
INSERT INTO Lugares (CodigoPais, CodigoDepartamento, CodigoProvincia, CodigoLugar, NombreLugar) VALUES ('BO', '04', '08', '005','PUQUI')
INSERT INTO Lugares (CodigoPais, CodigoDepartamento, CodigoProvincia, CodigoLugar, NombreLugar) VALUES ('BO', '04', '08', '006','QUINTAMALLA')
INSERT INTO Lugares (CodigoPais, CodigoDepartamento, CodigoProvincia, CodigoLugar, NombreLugar) VALUES ('BO', '04', '08', '007','SAITOCO')
INSERT INTO Lugares (CodigoPais, CodigoDepartamento, CodigoProvincia, CodigoLugar, NombreLugar) VALUES ('BO', '04', '08', '008','SALQUERI AROMA')
INSERT INTO Lugares (CodigoPais, CodigoDepartamento, CodigoProvincia, CodigoLugar, NombreLugar) VALUES ('BO', '04', '08', '009','SALQUIRI')
INSERT INTO Lugares (CodigoPais, CodigoDepartamento, CodigoProvincia, CodigoLugar, NombreLugar) VALUES ('BO', '04', '08', '010','SSALINAS DE GARCI MENDOZA')
INSERT INTO Lugares (CodigoPais, CodigoDepartamento, CodigoProvincia, CodigoLugar, NombreLugar) VALUES ('BO', '04', '08', '011','TOLAMAYO')
INSERT INTO Lugares (CodigoPais, CodigoDepartamento, CodigoProvincia, CodigoLugar, NombreLugar) VALUES ('BO', '04', '09', '000','BELLA VISTA')
INSERT INTO Lugares (CodigoPais, CodigoDepartamento, CodigoProvincia, CodigoLugar, NombreLugar) VALUES ('BO', '04', '09', '001','COIPASA')
INSERT INTO Lugares (CodigoPais, CodigoDepartamento, CodigoProvincia, CodigoLugar, NombreLugar) VALUES ('BO', '04', '09', '002','COMUJO')
INSERT INTO Lugares (CodigoPais, CodigoDepartamento, CodigoProvincia, CodigoLugar, NombreLugar) VALUES ('BO', '04', '09', '003','PACARIZA')
INSERT INTO Lugares (CodigoPais, CodigoDepartamento, CodigoProvincia, CodigoLugar, NombreLugar) VALUES ('BO', '04', '09', '004','QUIQUIANI')
INSERT INTO Lugares (CodigoPais, CodigoDepartamento, CodigoProvincia, CodigoLugar, NombreLugar) VALUES ('BO', '04', '09', '005','SABAYA')
INSERT INTO Lugares (CodigoPais, CodigoDepartamento, CodigoProvincia, CodigoLugar, NombreLugar) VALUES ('BO', '04', '09', '006','VILLA VITALINA')
INSERT INTO Lugares (CodigoPais, CodigoDepartamento, CodigoProvincia, CodigoLugar, NombreLugar) VALUES ('BO', '04', '10', '000','TOLEDO')
INSERT INTO Lugares (CodigoPais, CodigoDepartamento, CodigoProvincia, CodigoLugar, NombreLugar) VALUES ('BO', '04', '16', '000','HUAYLLAMARCA')
INSERT INTO Lugares (CodigoPais, CodigoDepartamento, CodigoProvincia, CodigoLugar, NombreLugar) VALUES ('BO', '04', '16', '001','SAN MIGUEL')
INSERT INTO Lugares (CodigoPais, CodigoDepartamento, CodigoProvincia, CodigoLugar, NombreLugar) VALUES ('BO', '06', '01', '000','SAN ANDRES')
INSERT INTO Lugares (CodigoPais, CodigoDepartamento, CodigoProvincia, CodigoLugar, NombreLugar) VALUES ('BO', '06', '01', '001','SAN LUIS')
INSERT INTO Lugares (CodigoPais, CodigoDepartamento, CodigoProvincia, CodigoLugar, NombreLugar) VALUES ('BO', '06', '01', '002','SELLA')
INSERT INTO Lugares (CodigoPais, CodigoDepartamento, CodigoProvincia, CodigoLugar, NombreLugar) VALUES ('BO', '06', '01', '003','TARIJA')
INSERT INTO Lugares (CodigoPais, CodigoDepartamento, CodigoProvincia, CodigoLugar, NombreLugar) VALUES ('BO', '06', '01', '004','TOLOMOSA')
INSERT INTO Lugares (CodigoPais, CodigoDepartamento, CodigoProvincia, CodigoLugar, NombreLugar) VALUES ('BO', '06', '01', '005','TOMATITAS')
INSERT INTO Lugares (CodigoPais, CodigoDepartamento, CodigoProvincia, CodigoLugar, NombreLugar) VALUES ('BO', '06', '01', '006','YESERA')
INSERT INTO Lugares (CodigoPais, CodigoDepartamento, CodigoProvincia, CodigoLugar, NombreLugar) VALUES ('BO', '06', '02', '000','BERMEJO')
INSERT INTO Lugares (CodigoPais, CodigoDepartamento, CodigoProvincia, CodigoLugar, NombreLugar) VALUES ('BO', '06', '02', '001','LA CAPILLA')
INSERT INTO Lugares (CodigoPais, CodigoDepartamento, CodigoProvincia, CodigoLugar, NombreLugar) VALUES ('BO', '06', '02', '002','LA MAMORA')
INSERT INTO Lugares (CodigoPais, CodigoDepartamento, CodigoProvincia, CodigoLugar, NombreLugar) VALUES ('BO', '06', '02', '003','MECOYA')
INSERT INTO Lugares (CodigoPais, CodigoDepartamento, CodigoProvincia, CodigoLugar, NombreLugar) VALUES ('BO', '06', '02', '004','PADCAYA')
INSERT INTO Lugares (CodigoPais, CodigoDepartamento, CodigoProvincia, CodigoLugar, NombreLugar) VALUES ('BO', '06', '02', '005','ROSILLAS')
INSERT INTO Lugares (CodigoPais, CodigoDepartamento, CodigoProvincia, CodigoLugar, NombreLugar) VALUES ('BO', '06', '02', '006','TARQUIA')
INSERT INTO Lugares (CodigoPais, CodigoDepartamento, CodigoProvincia, CodigoLugar, NombreLugar) VALUES ('BO', '06', '02', '007','TREMENTINAL')
INSERT INTO Lugares (CodigoPais, CodigoDepartamento, CodigoProvincia, CodigoLugar, NombreLugar) VALUES ('BO', '06', '03', '000','AGUA BLANCA')
INSERT INTO Lugares (CodigoPais, CodigoDepartamento, CodigoProvincia, CodigoLugar, NombreLugar) VALUES ('BO', '06', '03', '001','CAIZA')
INSERT INTO Lugares (CodigoPais, CodigoDepartamento, CodigoProvincia, CodigoLugar, NombreLugar) VALUES ('BO', '06', '03', '002','CAMPO GRANDE')
INSERT INTO Lugares (CodigoPais, CodigoDepartamento, CodigoProvincia, CodigoLugar, NombreLugar) VALUES ('BO', '06', '03', '003','CAMPO PAJASO')
INSERT INTO Lugares (CodigoPais, CodigoDepartamento, CodigoProvincia, CodigoLugar, NombreLugar) VALUES ('BO', '06', '03', '004','CARAPARI')
INSERT INTO Lugares (CodigoPais, CodigoDepartamento, CodigoProvincia, CodigoLugar, NombreLugar) VALUES ('BO', '06', '03', '005','CHIRIMOYAL')
INSERT INTO Lugares (CodigoPais, CodigoDepartamento, CodigoProvincia, CodigoLugar, NombreLugar) VALUES ('BO', '06', '03', '006','EL PALMAR')
INSERT INTO Lugares (CodigoPais, CodigoDepartamento, CodigoProvincia, CodigoLugar, NombreLugar) VALUES ('BO', '06', '03', '007','IPA')
INSERT INTO Lugares (CodigoPais, CodigoDepartamento, CodigoProvincia, CodigoLugar, NombreLugar) VALUES ('BO', '06', '03', '008','ITAU')
INSERT INTO Lugares (CodigoPais, CodigoDepartamento, CodigoProvincia, CodigoLugar, NombreLugar) VALUES ('BO', '06', '03', '009','LAS MORAS')
INSERT INTO Lugares (CodigoPais, CodigoDepartamento, CodigoProvincia, CodigoLugar, NombreLugar) VALUES ('BO', '06', '03', '010','OJO DE AGUA')
INSERT INTO Lugares (CodigoPais, CodigoDepartamento, CodigoProvincia, CodigoLugar, NombreLugar) VALUES ('BO', '06', '03', '011','POCITOS')
INSERT INTO Lugares (CodigoPais, CodigoDepartamento, CodigoProvincia, CodigoLugar, NombreLugar) VALUES ('BO', '06', '03', '012','SALADILLO')
INSERT INTO Lugares (CodigoPais, CodigoDepartamento, CodigoProvincia, CodigoLugar, NombreLugar) VALUES ('BO', '06', '03', '013','SAN ISIDRO')
INSERT INTO Lugares (CodigoPais, CodigoDepartamento, CodigoProvincia, CodigoLugar, NombreLugar) VALUES ('BO', '06', '03', '014','SAN JOSE DE POCITOS')
INSERT INTO Lugares (CodigoPais, CodigoDepartamento, CodigoProvincia, CodigoLugar, NombreLugar) VALUES ('BO', '06', '03', '015','SANANDITA')
INSERT INTO Lugares (CodigoPais, CodigoDepartamento, CodigoProvincia, CodigoLugar, NombreLugar) VALUES ('BO', '06', '03', '016','TIGUIPA')
INSERT INTO Lugares (CodigoPais, CodigoDepartamento, CodigoProvincia, CodigoLugar, NombreLugar) VALUES ('BO', '06', '03', '017','VILLAMONTES')
INSERT INTO Lugares (CodigoPais, CodigoDepartamento, CodigoProvincia, CodigoLugar, NombreLugar) VALUES ('BO', '06', '03', '018','YACUIBA')
INSERT INTO Lugares (CodigoPais, CodigoDepartamento, CodigoProvincia, CodigoLugar, NombreLugar) VALUES ('BO', '06', '04', '000','ATACAMA')
INSERT INTO Lugares (CodigoPais, CodigoDepartamento, CodigoProvincia, CodigoLugar, NombreLugar) VALUES ('BO', '06', '04', '001','CONCEPCION')
INSERT INTO Lugares (CodigoPais, CodigoDepartamento, CodigoProvincia, CodigoLugar, NombreLugar) VALUES ('BO', '06', '04', '002','HUARIGUANA')
INSERT INTO Lugares (CodigoPais, CodigoDepartamento, CodigoProvincia, CodigoLugar, NombreLugar) VALUES ('BO', '06', '04', '003','LA VENTOLERA')
INSERT INTO Lugares (CodigoPais, CodigoDepartamento, CodigoProvincia, CodigoLugar, NombreLugar) VALUES ('BO', '06', '05', '000','CALAMA')
INSERT INTO Lugares (CodigoPais, CodigoDepartamento, CodigoProvincia, CodigoLugar, NombreLugar) VALUES ('BO', '06', '05', '001','CANASMORO')
INSERT INTO Lugares (CodigoPais, CodigoDepartamento, CodigoProvincia, CodigoLugar, NombreLugar) VALUES ('BO', '06', '05', '002','CARACHIMAYO')
INSERT INTO Lugares (CodigoPais, CodigoDepartamento, CodigoProvincia, CodigoLugar, NombreLugar) VALUES ('BO', '06', '05', '003','EL PUENTE')
INSERT INTO Lugares (CodigoPais, CodigoDepartamento, CodigoProvincia, CodigoLugar, NombreLugar) VALUES ('BO', '06', '05', '004','PAICHO')
INSERT INTO Lugares (CodigoPais, CodigoDepartamento, CodigoProvincia, CodigoLugar, NombreLugar) VALUES ('BO', '06', '05', '005','PUEBLO NUEVO')
INSERT INTO Lugares (CodigoPais, CodigoDepartamento, CodigoProvincia, CodigoLugar, NombreLugar) VALUES ('BO', '06', '05', '006','SAN LORENZO')
INSERT INTO Lugares (CodigoPais, CodigoDepartamento, CodigoProvincia, CodigoLugar, NombreLugar) VALUES ('BO', '06', '05', '007','SELLA')
INSERT INTO Lugares (CodigoPais, CodigoDepartamento, CodigoProvincia, CodigoLugar, NombreLugar) VALUES ('BO', '06', '05', '008','TOMATAS GRANDE')
INSERT INTO Lugares (CodigoPais, CodigoDepartamento, CodigoProvincia, CodigoLugar, NombreLugar) VALUES ('BO', '07', '02', '000','CHARI RIVERO')
INSERT INTO Lugares (CodigoPais, CodigoDepartamento, CodigoProvincia, CodigoLugar, NombreLugar) VALUES ('BO', '07', '02', '001','LOS OLIVOS')
INSERT INTO Lugares (CodigoPais, CodigoDepartamento, CodigoProvincia, CodigoLugar, NombreLugar) VALUES ('BO', '07', '02', '002','MADRECITAS')
INSERT INTO Lugares (CodigoPais, CodigoDepartamento, CodigoProvincia, CodigoLugar, NombreLugar) VALUES ('BO', '07', '02', '003','MONTE VERDE')
INSERT INTO Lugares (CodigoPais, CodigoDepartamento, CodigoProvincia, CodigoLugar, NombreLugar) VALUES ('BO', '07', '02', '004','NUEVA ESPERANZA')
INSERT INTO Lugares (CodigoPais, CodigoDepartamento, CodigoProvincia, CodigoLugar, NombreLugar) VALUES ('BO', '07', '02', '005','OKINAWA')
INSERT INTO Lugares (CodigoPais, CodigoDepartamento, CodigoProvincia, CodigoLugar, NombreLugar) VALUES ('BO', '07', '02', '006','RIO GRANDE')
INSERT INTO Lugares (CodigoPais, CodigoDepartamento, CodigoProvincia, CodigoLugar, NombreLugar) VALUES ('BO', '07', '02', '007','WARNES')
INSERT INTO Lugares (CodigoPais, CodigoDepartamento, CodigoProvincia, CodigoLugar, NombreLugar) VALUES ('BO', '07', '03', '000','CAMPAMENTO')
INSERT INTO Lugares (CodigoPais, CodigoDepartamento, CodigoProvincia, CodigoLugar, NombreLugar) VALUES ('BO', '07', '03', '001','SAN IGNACIO DE VELASCO')
INSERT INTO Lugares (CodigoPais, CodigoDepartamento, CodigoProvincia, CodigoLugar, NombreLugar) VALUES ('BO', '07', '03', '002','SAN JOSE DE CHIQUITOS')
INSERT INTO Lugares (CodigoPais, CodigoDepartamento, CodigoProvincia, CodigoLugar, NombreLugar) VALUES ('BO', '07', '03', '003','SAN JUAN DE TANOMOÑA')
INSERT INTO Lugares (CodigoPais, CodigoDepartamento, CodigoProvincia, CodigoLugar, NombreLugar) VALUES ('BO', '07', '03', '004','SAN MIGUEL')
INSERT INTO Lugares (CodigoPais, CodigoDepartamento, CodigoProvincia, CodigoLugar, NombreLugar) VALUES ('BO', '07', '04', '000','AGUA BONITA')
INSERT INTO Lugares (CodigoPais, CodigoDepartamento, CodigoProvincia, CodigoLugar, NombreLugar) VALUES ('BO', '07', '04', '001','BUEN RETIRO')
INSERT INTO Lugares (CodigoPais, CodigoDepartamento, CodigoProvincia, CodigoLugar, NombreLugar) VALUES ('BO', '07', '04', '002','BUENA VISTA')
INSERT INTO Lugares (CodigoPais, CodigoDepartamento, CodigoProvincia, CodigoLugar, NombreLugar) VALUES ('BO', '07', '04', '003','COLONIA VILLA ANTOFAGASTA')
INSERT INTO Lugares (CodigoPais, CodigoDepartamento, CodigoProvincia, CodigoLugar, NombreLugar) VALUES ('BO', '07', '04', '004','EL CHORE')
INSERT INTO Lugares (CodigoPais, CodigoDepartamento, CodigoProvincia, CodigoLugar, NombreLugar) VALUES ('BO', '07', '04', '005','HUAYTU')
INSERT INTO Lugares (CodigoPais, CodigoDepartamento, CodigoProvincia, CodigoLugar, NombreLugar) VALUES ('BO', '07', '04', '006','LA LIDIA')
INSERT INTO Lugares (CodigoPais, CodigoDepartamento, CodigoProvincia, CodigoLugar, NombreLugar) VALUES ('BO', '07', '04', '007','PAILON')
INSERT INTO Lugares (CodigoPais, CodigoDepartamento, CodigoProvincia, CodigoLugar, NombreLugar) VALUES ('BO', '07', '04', '008','PUERTO AVAROA')
INSERT INTO Lugares (CodigoPais, CodigoDepartamento, CodigoProvincia, CodigoLugar, NombreLugar) VALUES ('BO', '07', '04', '009','PUERTO FERNANDEZ')
INSERT INTO Lugares (CodigoPais, CodigoDepartamento, CodigoProvincia, CodigoLugar, NombreLugar) VALUES ('BO', '07', '04', '010','SAN CARLOS')
INSERT INTO Lugares (CodigoPais, CodigoDepartamento, CodigoProvincia, CodigoLugar, NombreLugar) VALUES ('BO', '07', '04', '011','SAN GERMAN')
INSERT INTO Lugares (CodigoPais, CodigoDepartamento, CodigoProvincia, CodigoLugar, NombreLugar) VALUES ('BO', '07', '04', '012','SAN JUAN DE YAPACANI')
INSERT INTO Lugares (CodigoPais, CodigoDepartamento, CodigoProvincia, CodigoLugar, NombreLugar) VALUES ('BO', '07', '04', '013','SAN MIGUEL')
INSERT INTO Lugares (CodigoPais, CodigoDepartamento, CodigoProvincia, CodigoLugar, NombreLugar) VALUES ('BO', '07', '04', '014','SANTA FE')
INSERT INTO Lugares (CodigoPais, CodigoDepartamento, CodigoProvincia, CodigoLugar, NombreLugar) VALUES ('BO', '07', '04', '015','SURUTU')
INSERT INTO Lugares (CodigoPais, CodigoDepartamento, CodigoProvincia, CodigoLugar, NombreLugar) VALUES ('BO', '07', '04', '016','VILLA BUSCH')
INSERT INTO Lugares (CodigoPais, CodigoDepartamento, CodigoProvincia, CodigoLugar, NombreLugar) VALUES ('BO', '07', '04', '017','YAPACANI')
INSERT INTO Lugares (CodigoPais, CodigoDepartamento, CodigoProvincia, CodigoLugar, NombreLugar) VALUES ('BO', '07', '05', '000','CAMPAMENTO LA CRUZ')
INSERT INTO Lugares (CodigoPais, CodigoDepartamento, CodigoProvincia, CodigoLugar, NombreLugar) VALUES ('BO', '07', '05', '001','EL CARMEN')
INSERT INTO Lugares (CodigoPais, CodigoDepartamento, CodigoProvincia, CodigoLugar, NombreLugar) VALUES ('BO', '07', '05', '002','MUTUN')
INSERT INTO Lugares (CodigoPais, CodigoDepartamento, CodigoProvincia, CodigoLugar, NombreLugar) VALUES ('BO', '07', '05', '003','PAILON')
INSERT INTO Lugares (CodigoPais, CodigoDepartamento, CodigoProvincia, CodigoLugar, NombreLugar) VALUES ('BO', '07', '05', '004','PUERTO SUAREZ')
INSERT INTO Lugares (CodigoPais, CodigoDepartamento, CodigoProvincia, CodigoLugar, NombreLugar) VALUES ('BO', '07', '05', '005','QUIJARRO')
INSERT INTO Lugares (CodigoPais, CodigoDepartamento, CodigoProvincia, CodigoLugar, NombreLugar) VALUES ('BO', '07', '05', '006','ROBORE')
INSERT INTO Lugares (CodigoPais, CodigoDepartamento, CodigoProvincia, CodigoLugar, NombreLugar) VALUES ('BO', '07', '05', '007','SAN JOSE DE CHIQUITOS')
INSERT INTO Lugares (CodigoPais, CodigoDepartamento, CodigoProvincia, CodigoLugar, NombreLugar) VALUES ('BO', '07', '06', '000','BALTACO')
INSERT INTO Lugares (CodigoPais, CodigoDepartamento, CodigoProvincia, CodigoLugar, NombreLugar) VALUES ('BO', '07', '06', '001','ESTACION MOLINA')
INSERT INTO Lugares (CodigoPais, CodigoDepartamento, CodigoProvincia, CodigoLugar, NombreLugar) VALUES ('BO', '07', '06', '002','LA BELGICA')
INSERT INTO Lugares (CodigoPais, CodigoDepartamento, CodigoProvincia, CodigoLugar, NombreLugar) VALUES ('BO', '07', '06', '003','LAS MADRES')
INSERT INTO Lugares (CodigoPais, CodigoDepartamento, CodigoProvincia, CodigoLugar, NombreLugar) VALUES ('BO', '07', '06', '004','PORTACHUELO')
INSERT INTO Lugares (CodigoPais, CodigoDepartamento, CodigoProvincia, CodigoLugar, NombreLugar) VALUES ('BO', '07', '06', '005','RINCON PALOMITOS')
INSERT INTO Lugares (CodigoPais, CodigoDepartamento, CodigoProvincia, CodigoLugar, NombreLugar) VALUES ('BO', '07', '06', '006','SANTA ROSA')
INSERT INTO Lugares (CodigoPais, CodigoDepartamento, CodigoProvincia, CodigoLugar, NombreLugar) VALUES ('BO', '07', '06', '007','SARA')
INSERT INTO Lugares (CodigoPais, CodigoDepartamento, CodigoProvincia, CodigoLugar, NombreLugar) VALUES ('BO', '07', '07', '000','BOYUIBE')
INSERT INTO Lugares (CodigoPais, CodigoDepartamento, CodigoProvincia, CodigoLugar, NombreLugar) VALUES ('BO', '07', '07', '001','CAMATINDI')
INSERT INTO Lugares (CodigoPais, CodigoDepartamento, CodigoProvincia, CodigoLugar, NombreLugar) VALUES ('BO', '07', '07', '002','CAMIRI')
INSERT INTO Lugares (CodigoPais, CodigoDepartamento, CodigoProvincia, CodigoLugar, NombreLugar) VALUES ('BO', '07', '07', '003','CHARAGUA')
INSERT INTO Lugares (CodigoPais, CodigoDepartamento, CodigoProvincia, CodigoLugar, NombreLugar) VALUES ('BO', '07', '07', '004','CUEVO')
INSERT INTO Lugares (CodigoPais, CodigoDepartamento, CodigoProvincia, CodigoLugar, NombreLugar) VALUES ('BO', '07', '07', '005','EITI')
INSERT INTO Lugares (CodigoPais, CodigoDepartamento, CodigoProvincia, CodigoLugar, NombreLugar) VALUES ('BO', '07', '07', '006','GUIROYOAZA')
INSERT INTO Lugares (CodigoPais, CodigoDepartamento, CodigoProvincia, CodigoLugar, NombreLugar) VALUES ('BO', '07', '07', '007','GUTIERREZ')
INSERT INTO Lugares (CodigoPais, CodigoDepartamento, CodigoProvincia, CodigoLugar, NombreLugar) VALUES ('BO', '07', '07', '008','IPITA')
INSERT INTO Lugares (CodigoPais, CodigoDepartamento, CodigoProvincia, CodigoLugar, NombreLugar) VALUES ('BO', '07', '07', '009','IPITACITO DEL MONTE')
INSERT INTO Lugares (CodigoPais, CodigoDepartamento, CodigoProvincia, CodigoLugar, NombreLugar) VALUES ('BO', '07', '07', '010','LAGUNILLAS')
INSERT INTO Lugares (CodigoPais, CodigoDepartamento, CodigoProvincia, CodigoLugar, NombreLugar) VALUES ('BO', '07', '07', '011','PIRAIMIRI')
INSERT INTO Lugares (CodigoPais, CodigoDepartamento, CodigoProvincia, CodigoLugar, NombreLugar) VALUES ('BO', '07', '07', '012','TAPUTAMI')
INSERT INTO Lugares (CodigoPais, CodigoDepartamento, CodigoProvincia, CodigoLugar, NombreLugar) VALUES ('BO', '07', '09', '000','ACHIRAS')
INSERT INTO Lugares (CodigoPais, CodigoDepartamento, CodigoProvincia, CodigoLugar, NombreLugar) VALUES ('BO', '07', '09', '001','AGUA CLARA')
INSERT INTO Lugares (CodigoPais, CodigoDepartamento, CodigoProvincia, CodigoLugar, NombreLugar) VALUES ('BO', '07', '09', '002','ALTO DEL  POTRERO')
INSERT INTO Lugares (CodigoPais, CodigoDepartamento, CodigoProvincia, CodigoLugar, NombreLugar) VALUES ('BO', '07', '09', '003','ANGOSTURA')
INSERT INTO Lugares (CodigoPais, CodigoDepartamento, CodigoProvincia, CodigoLugar, NombreLugar) VALUES ('BO', '07', '09', '004','BARRIO NUEVO')
INSERT INTO Lugares (CodigoPais, CodigoDepartamento, CodigoProvincia, CodigoLugar, NombreLugar) VALUES ('BO', '07', '09', '005','BELLA VICTORIA')
INSERT INTO Lugares (CodigoPais, CodigoDepartamento, CodigoProvincia, CodigoLugar, NombreLugar) VALUES ('BO', '07', '09', '006','BENADILLO')
INSERT INTO Lugares (CodigoPais, CodigoDepartamento, CodigoProvincia, CodigoLugar, NombreLugar) VALUES ('BO', '07', '09', '007','CARACORE')
INSERT INTO Lugares (CodigoPais, CodigoDepartamento, CodigoProvincia, CodigoLugar, NombreLugar) VALUES ('BO', '07', '09', '008','EL NOGAL')
INSERT INTO Lugares (CodigoPais, CodigoDepartamento, CodigoProvincia, CodigoLugar, NombreLugar) VALUES ('BO', '07', '09', '009','EL SAJON')
INSERT INTO Lugares (CodigoPais, CodigoDepartamento, CodigoProvincia, CodigoLugar, NombreLugar) VALUES ('BO', '07', '09', '010','INFIERNILLO')
INSERT INTO Lugares (CodigoPais, CodigoDepartamento, CodigoProvincia, CodigoLugar, NombreLugar) VALUES ('BO', '07', '09', '011','LA PIEDRA')
INSERT INTO Lugares (CodigoPais, CodigoDepartamento, CodigoProvincia, CodigoLugar, NombreLugar) VALUES ('BO', '07', '09', '012','LAGUNILLAS')
INSERT INTO Lugares (CodigoPais, CodigoDepartamento, CodigoProvincia, CodigoLugar, NombreLugar) VALUES ('BO', '07', '09', '013','MAIRANA')
INSERT INTO Lugares (CodigoPais, CodigoDepartamento, CodigoProvincia, CodigoLugar, NombreLugar) VALUES ('BO', '07', '09', '014','MATARAL')
INSERT INTO Lugares (CodigoPais, CodigoDepartamento, CodigoProvincia, CodigoLugar, NombreLugar) VALUES ('BO', '07', '09', '015','PALMASOLA')
INSERT INTO Lugares (CodigoPais, CodigoDepartamento, CodigoProvincia, CodigoLugar, NombreLugar) VALUES ('BO', '07', '09', '016','PAMPA GRANDE')
INSERT INTO Lugares (CodigoPais, CodigoDepartamento, CodigoProvincia, CodigoLugar, NombreLugar) VALUES ('BO', '07', '09', '017','POZUELO')
INSERT INTO Lugares (CodigoPais, CodigoDepartamento, CodigoProvincia, CodigoLugar, NombreLugar) VALUES ('BO', '07', '09', '018','QUIRUSILLAS')
INSERT INTO Lugares (CodigoPais, CodigoDepartamento, CodigoProvincia, CodigoLugar, NombreLugar) VALUES ('BO', '07', '09', '019','SAMAIPATA')
INSERT INTO Lugares (CodigoPais, CodigoDepartamento, CodigoProvincia, CodigoLugar, NombreLugar) VALUES ('BO', '07', '09', '020','SAN ISIDRO')
INSERT INTO Lugares (CodigoPais, CodigoDepartamento, CodigoProvincia, CodigoLugar, NombreLugar) VALUES ('BO', '07', '09', '021','SANJON')
INSERT INTO Lugares (CodigoPais, CodigoDepartamento, CodigoProvincia, CodigoLugar, NombreLugar) VALUES ('BO', '07', '09', '022','SANTA ROSA')
INSERT INTO Lugares (CodigoPais, CodigoDepartamento, CodigoProvincia, CodigoLugar, NombreLugar) VALUES ('BO', '07', '12', '000','ASCENCION')
INSERT INTO Lugares (CodigoPais, CodigoDepartamento, CodigoProvincia, CodigoLugar, NombreLugar) VALUES ('BO', '07', '12', '001','SAN MATIAS')
INSERT INTO Lugares (CodigoPais, CodigoDepartamento, CodigoProvincia, CodigoLugar, NombreLugar) VALUES ('BO', '07', '13', '000','CHILON')
INSERT INTO Lugares (CodigoPais, CodigoDepartamento, CodigoProvincia, CodigoLugar, NombreLugar) VALUES ('BO', '07', '13', '001','COMARAPA')
INSERT INTO Lugares (CodigoPais, CodigoDepartamento, CodigoProvincia, CodigoLugar, NombreLugar) VALUES ('BO', '07', '13', '002','LAS CARRERAS')
INSERT INTO Lugares (CodigoPais, CodigoDepartamento, CodigoProvincia, CodigoLugar, NombreLugar) VALUES ('BO', '07', '13', '003','PULQUINA')
INSERT INTO Lugares (CodigoPais, CodigoDepartamento, CodigoProvincia, CodigoLugar, NombreLugar) VALUES ('BO', '07', '13', '004','SAIPINA')
INSERT INTO Lugares (CodigoPais, CodigoDepartamento, CodigoProvincia, CodigoLugar, NombreLugar) VALUES ('BO', '07', '13', '005','SAN ANTONIO')
INSERT INTO Lugares (CodigoPais, CodigoDepartamento, CodigoProvincia, CodigoLugar, NombreLugar) VALUES ('BO', '07', '13', '006','SAN ISIDRO')
INSERT INTO Lugares (CodigoPais, CodigoDepartamento, CodigoProvincia, CodigoLugar, NombreLugar) VALUES ('BO', '07', '13', '007','SAN JUAN DE POTRERO')
INSERT INTO Lugares (CodigoPais, CodigoDepartamento, CodigoProvincia, CodigoLugar, NombreLugar) VALUES ('BO', '07', '13', '008','SIBERIA')
INSERT INTO Lugares (CodigoPais, CodigoDepartamento, CodigoProvincia, CodigoLugar, NombreLugar) VALUES ('BO', '07', '15', '000','ASCENCION DE GUARAYOS')
INSERT INTO Lugares (CodigoPais, CodigoDepartamento, CodigoProvincia, CodigoLugar, NombreLugar) VALUES ('BO', '08', '01', '000','AIQUILE')
INSERT INTO Lugares (CodigoPais, CodigoDepartamento, CodigoProvincia, CodigoLugar, NombreLugar) VALUES ('BO', '08', '01', '001','GUAYARAMERIN')
INSERT INTO Lugares (CodigoPais, CodigoDepartamento, CodigoProvincia, CodigoLugar, NombreLugar) VALUES ('BO', '08', '01', '002','SAGRARIO')
INSERT INTO Lugares (CodigoPais, CodigoDepartamento, CodigoProvincia, CodigoLugar, NombreLugar) VALUES ('BO', '08', '01', '003','TRINIDAD')
INSERT INTO Lugares (CodigoPais, CodigoDepartamento, CodigoProvincia, CodigoLugar, NombreLugar) VALUES ('BO', '08', '01', '004','VILLA BANZER')
INSERT INTO Lugares (CodigoPais, CodigoDepartamento, CodigoProvincia, CodigoLugar, NombreLugar) VALUES ('BO', '08', '02', '000','CACHUELA ESPERANZA')
INSERT INTO Lugares (CodigoPais, CodigoDepartamento, CodigoProvincia, CodigoLugar, NombreLugar) VALUES ('BO', '08', '02', '001','GUAYARAMERIN')
INSERT INTO Lugares (CodigoPais, CodigoDepartamento, CodigoProvincia, CodigoLugar, NombreLugar) VALUES ('BO', '08', '02', '002','RIBERALTA')
INSERT INTO Lugares (CodigoPais, CodigoDepartamento, CodigoProvincia, CodigoLugar, NombreLugar) VALUES ('BO', '08', '03', '000','EL TORO')
INSERT INTO Lugares (CodigoPais, CodigoDepartamento, CodigoProvincia, CodigoLugar, NombreLugar) VALUES ('BO', '08', '03', '001','EL TRIUNFO')
INSERT INTO Lugares (CodigoPais, CodigoDepartamento, CodigoProvincia, CodigoLugar, NombreLugar) VALUES ('BO', '08', '03', '002','REYES')
INSERT INTO Lugares (CodigoPais, CodigoDepartamento, CodigoProvincia, CodigoLugar, NombreLugar) VALUES ('BO', '08', '03', '003','RURRENABAQUE')
INSERT INTO Lugares (CodigoPais, CodigoDepartamento, CodigoProvincia, CodigoLugar, NombreLugar) VALUES ('BO', '08', '03', '004','SAN BORJA')
INSERT INTO Lugares (CodigoPais, CodigoDepartamento, CodigoProvincia, CodigoLugar, NombreLugar) VALUES ('BO', '08', '03', '005','SANTA ROSA')
INSERT INTO Lugares (CodigoPais, CodigoDepartamento, CodigoProvincia, CodigoLugar, NombreLugar) VALUES ('BO', '08', '04', '000','SANTA ANA')
INSERT INTO Lugares (CodigoPais, CodigoDepartamento, CodigoProvincia, CodigoLugar, NombreLugar) VALUES ('BO', '08', '05', '000','FATIMA')
INSERT INTO Lugares (CodigoPais, CodigoDepartamento, CodigoProvincia, CodigoLugar, NombreLugar) VALUES ('BO', '08', '05', '001','SAN IGNACIO')
INSERT INTO Lugares (CodigoPais, CodigoDepartamento, CodigoProvincia, CodigoLugar, NombreLugar) VALUES ('BO', '08', '05', '002','SAN LORENZO')
INSERT INTO Lugares (CodigoPais, CodigoDepartamento, CodigoProvincia, CodigoLugar, NombreLugar) VALUES ('BO', '08', '06', '000','GUNDONOVIA')
INSERT INTO Lugares (CodigoPais, CodigoDepartamento, CodigoProvincia, CodigoLugar, NombreLugar) VALUES ('BO', '08', '06', '001','LOS PEROTOSES')
INSERT INTO Lugares (CodigoPais, CodigoDepartamento, CodigoProvincia, CodigoLugar, NombreLugar) VALUES ('BO', '08', '06', '002','SAN LORENZO')
INSERT INTO Lugares (CodigoPais, CodigoDepartamento, CodigoProvincia, CodigoLugar, NombreLugar) VALUES ('BO', '08', '07', '000','PUERTO SILES')
INSERT INTO Lugares (CodigoPais, CodigoDepartamento, CodigoProvincia, CodigoLugar, NombreLugar) VALUES ('BO', '08', '07', '001','SAN JOAQUIN')
INSERT INTO Lugares (CodigoPais, CodigoDepartamento, CodigoProvincia, CodigoLugar, NombreLugar) VALUES ('BO', '08', '08', '000','BAURES')
INSERT INTO Lugares (CodigoPais, CodigoDepartamento, CodigoProvincia, CodigoLugar, NombreLugar) VALUES ('BO', '08', '08', '001','EL CARMEN DE ITENEZ')
INSERT INTO Lugares (CodigoPais, CodigoDepartamento, CodigoProvincia, CodigoLugar, NombreLugar) VALUES ('BO', '08', '08', '002','HUACARAGE')
INSERT INTO Lugares (CodigoPais, CodigoDepartamento, CodigoProvincia, CodigoLugar, NombreLugar) VALUES ('BO', '08', '08', '003','MAGDALENA')
INSERT INTO Lugares (CodigoPais, CodigoDepartamento, CodigoProvincia, CodigoLugar, NombreLugar) VALUES ('BO', '08', '08', '004','REMANZO')
INSERT INTO Lugares (CodigoPais, CodigoDepartamento, CodigoProvincia, CodigoLugar, NombreLugar) VALUES ('BO', '09', '02', '000','FILADELFIA')
INSERT INTO Lugares (CodigoPais, CodigoDepartamento, CodigoProvincia, CodigoLugar, NombreLugar) VALUES ('BO', '09', '02', '001','LA GRANJA R. ARTHON')
INSERT INTO Lugares (CodigoPais, CodigoDepartamento, CodigoProvincia, CodigoLugar, NombreLugar) VALUES ('BO', '09', '02', '002','MONTECARLO')
INSERT INTO Lugares (CodigoPais, CodigoDepartamento, CodigoProvincia, CodigoLugar, NombreLugar) VALUES ('BO', '09', '02', '003','PUERTO RICO')
INSERT INTO Lugares (CodigoPais, CodigoDepartamento, CodigoProvincia, CodigoLugar, NombreLugar) VALUES ('BO', '09', '02', '004','SAN MIGUEL')
INSERT INTO Lugares (CodigoPais, CodigoDepartamento, CodigoProvincia, CodigoLugar, NombreLugar) VALUES ('BO', '09', '03', '000','GONZALO MORENO')

INSERT INTO Personas(DIPersona, Paterno, Materno, Nombres, FechaNacimiento, Sexo, Celular, Email, CodigoPaisD, CodigoDepartamentoD, CodigoProvinciaD, CodigoLugarD, DireccionD, TelefonoD, RutaArchivoHuellaDactilar, RutaArchivoFotografia, RutaArchivoFirma, Observaciones) VALUES('0000000000', 'ANONIMO', 'ANONIMO', 'ANONIMO', NULL, 'M', NULL, NULL, NULL, NULL, NULL, NULL, NULL, NULL, NULL, NULL, NULL, NULL)

INSERT INTO Agencias(NombreAgencia, CodigoPais, CodigoDepartamento, CodigoProvincia, CodigoLugar, DireccionAgencia, NITAgencia, NumeroSiguienteFactura, NumeroAutorizacion, DIResponsable) VALUES ('CEATEC - CENTRAL', 'BO', '01', '01', '067', 'DIRECCION SUCRE', 'NIT SUCRE', 0, '0', '0000000000')
INSERT INTO Agencias(NombreAgencia, CodigoPais, CodigoDepartamento, CodigoProvincia, CodigoLugar, DireccionAgencia, NITAgencia, NumeroSiguienteFactura, NumeroAutorizacion, DIResponsable) VALUES ('CEATEC - TARIJA 1', 'BO', '06', '01', '003', 'DIRECCION TARIJA 1', 'NIT TARIJA 1', 0, '0', '0000000000')
INSERT INTO Agencias(NombreAgencia, CodigoPais, CodigoDepartamento, CodigoProvincia, CodigoLugar, DireccionAgencia, NITAgencia, NumeroSiguienteFactura, NumeroAutorizacion, DIResponsable) VALUES ('CEATEC - TARIJA 2', 'BO', '06', '01', '003', 'DIRECCION TARIJA 2', 'NIT TARIJA 2', 0, '0', '0000000000')

INSERT INTO VentasFacturas (NumeroAgencia,NumeroFactura,NombreFactura,NITFactura,FechaHoraFactura) VALUES (1,-1, 'ANONIMO','00000',GETDATE())
INSERT INTO VentasFacturas (NumeroAgencia,NumeroFactura,NombreFactura,NITFactura,FechaHoraFactura) VALUES (2,-1, 'ANONIMO','00000',GETDATE())
INSERT INTO VentasFacturas (NumeroAgencia,NumeroFactura,NombreFactura,NITFactura,FechaHoraFactura) VALUES (3,-1, 'ANONIMO','00000',GETDATE())


INSERT INTO Monedas(NombreMoneda, MascaraMoneda) VALUES('BOLIVIANOS', 'Bs')
INSERT INTO Monedas(NombreMoneda, MascaraMoneda) VALUES('DOLARES', '$us')

INSERT INTO PCsConfiguraciones(CodigoMonedaSistema,CodigoMonedaRegion, PorcentajeImpuesto, NumeroAgencia, NumeroAgenciaPrincipal) VALUES (1,2, 15.50, 1, 1)

INSERT INTO Bancos(NombreBanco) VALUES('BANCO BISA')
INSERT INTO Bancos(NombreBanco) VALUES('BANCO CREDITO')
INSERT INTO Bancos(NombreBanco) VALUES('BANCO CREDITO CREDIFONTO RENTA FIJA')
INSERT INTO Bancos(NombreBanco) VALUES('BANCO CREDITO CREDIFONTO CORTO PLAZ')
INSERT INTO Bancos(NombreBanco) VALUES('BANCO GANADERO')
INSERT INTO Bancos(NombreBanco) VALUES('BANCO MERCANTIL')
INSERT INTO Bancos(NombreBanco) VALUES('BANCO MERCANTIL SAFI FONDO MUTUO')
INSERT INTO Bancos(NombreBanco) VALUES('BANCO MERCANTIL SANTA CRUZ')
INSERT INTO Bancos(NombreBanco) VALUES('BANCO NACIONAL BOLIVIA')
INSERT INTO Bancos(NombreBanco) VALUES('BANCO SOL')
INSERT INTO Bancos(NombreBanco) VALUES('BANCO UNION')
INSERT INTO Bancos(NombreBanco) VALUES('CAJA LOS ANDEZ')
INSERT INTO Bancos(NombreBanco) VALUES('COOP. MADRE Y MAESTRA')
INSERT INTO Bancos(NombreBanco) VALUES('COOPERATIVA LA TRINIDAD')
INSERT INTO Bancos(NombreBanco) VALUES('F.I.E')
INSERT INTO Bancos(NombreBanco) VALUES('PRODEM')

DELETE FROM UsuariosAgenciasMenuPrincipal
DELETE FROM SistemaMenuPrincipal
DELETE FROM UsuariosAgenciasPermisosInterfaces
DELETE FROM SistemaGruposPermisosInterfaces
DELETE FROM SistemaGrupos
DBCC checkident ('DOBLONES20.dbo.SistemaGrupos', reseed, 0)

DELETE FROM VentasProductosReemplazoEspecificos
DELETE FROM VentasProductosReemplazoDevolucionesDetalle
DELETE FROM VentasProductosReemplazoDetalle
DELETE FROM VentasProductosReemplazoDevoluciones
DELETE FROM VentasProductosReemplazo

DELETE FROM CotizacionVentasProductosDeta
DELETE FROM CotizacionVentasProductos

DELETE FROM VentasProductosDevolucionesDetalle
DELETE FROM VentasProductosDevoluciones
DELETE FROM VentasProductosEspecificos
DELETE FROM VentasProductosDetalle
DELETE FROM VentasProductos

DELETE FROM Usuarios
DBCC checkident ('DOBLONES20.dbo.Usuarios', reseed, 0)
DELETE FROM SistemaInterfaces
DBCC checkident ('DOBLONES20.dbo.SistemaInterfaces', reseed, 0)

INSERT INTO SistemaInterfaces(NombreInterface, TextoInterface, CodigoTipoInterface) VALUES('FBancos', 'Bancos', 'P')
INSERT INTO SistemaInterfaces(NombreInterface, TextoInterface, CodigoTipoInterface) VALUES('FComprasProductos', 'Compras productos', 'P')
INSERT INTO SistemaInterfaces(NombreInterface, TextoInterface, CodigoTipoInterface) VALUES('FCotizacionesVentas', 'Cotizaciones ventas', 'P')
INSERT INTO SistemaInterfaces(NombreInterface, TextoInterface, CodigoTipoInterface) VALUES('FClientes', 'Clientes', 'P')
INSERT INTO SistemaInterfaces(NombreInterface, TextoInterface, CodigoTipoInterface) VALUES('FFrecuenciasPagos', 'Frecuencias pagos', 'P')
INSERT INTO SistemaInterfaces(NombreInterface, TextoInterface, CodigoTipoInterface) VALUES('FGeografico', 'Geografico', 'P')
INSERT INTO SistemaInterfaces(NombreInterface, TextoInterface, CodigoTipoInterface) VALUES('FInventarioProductos', 'Inventario productos', 'P')
INSERT INTO SistemaInterfaces(NombreInterface, TextoInterface, CodigoTipoInterface) VALUES('FMonedas', 'Monedas', 'P')
INSERT INTO SistemaInterfaces(NombreInterface, TextoInterface, CodigoTipoInterface) VALUES('FMonedasCotizaciones', 'Cotizacion monedas', 'P')
INSERT INTO SistemaInterfaces(NombreInterface, TextoInterface, CodigoTipoInterface) VALUES('FMotivosReemDevo', 'Motivos reemplazo y devoluciones', 'P')
INSERT INTO SistemaInterfaces(NombreInterface, TextoInterface, CodigoTipoInterface) VALUES('FProductos', 'Productos', 'P')
INSERT INTO SistemaInterfaces(NombreInterface, TextoInterface, CodigoTipoInterface) VALUES('FProductosMarcas', 'Marcas', 'P')
INSERT INTO SistemaInterfaces(NombreInterface, TextoInterface, CodigoTipoInterface) VALUES('FProductosPropiedades', 'Propiedades', 'P')
INSERT INTO SistemaInterfaces(NombreInterface, TextoInterface, CodigoTipoInterface) VALUES('FProductosTipos', 'Tipo productos', 'P')
INSERT INTO SistemaInterfaces(NombreInterface, TextoInterface, CodigoTipoInterface) VALUES('FProductosUnidades', 'Unidades', 'P')
INSERT INTO SistemaInterfaces(NombreInterface, TextoInterface, CodigoTipoInterface) VALUES('FProveedores', 'Proveedores', 'P')
INSERT INTO SistemaInterfaces(NombreInterface, TextoInterface, CodigoTipoInterface) VALUES('FVentaProductos', 'Venta productos', 'P')
INSERT INTO SistemaInterfaces(NombreInterface, TextoInterface, CodigoTipoInterface) VALUES('FUsuarios', 'Usuarios', 'P')
INSERT INTO SistemaInterfaces(NombreInterface, TextoInterface, CodigoTipoInterface) VALUES('FAsientosContables', 'Asientos contables', 'P')
INSERT INTO SistemaInterfaces(NombreInterface, TextoInterface, CodigoTipoInterface) VALUES('FBalanceGeneral', 'Balance general', 'P')
INSERT INTO SistemaInterfaces(NombreInterface, TextoInterface, CodigoTipoInterface) VALUES('FEstadoResultados', 'Estado de resultados', 'P')
INSERT INTO SistemaInterfaces(NombreInterface, TextoInterface, CodigoTipoInterface) VALUES('FLibroDiario', 'Libro diario', 'P')
INSERT INTO SistemaInterfaces(NombreInterface, TextoInterface, CodigoTipoInterface) VALUES('FLibroMayores', 'Libro mayores', 'P')
INSERT INTO SistemaInterfaces(NombreInterface, TextoInterface, CodigoTipoInterface) VALUES('FCreditos', 'Créditos', 'P')
INSERT INTO SistemaInterfaces(NombreInterface, TextoInterface, CodigoTipoInterface) VALUES('FCuentasPorCobrar', 'Cuentas por cobrar', 'P')
INSERT INTO SistemaInterfaces(NombreInterface, TextoInterface, CodigoTipoInterface) VALUES('FCuentasPorPagar', 'Cuentas por pagar', 'P')
INSERT INTO SistemaInterfaces(NombreInterface, TextoInterface, CodigoTipoInterface) VALUES('FVentaProductosEntrega', 'Entrega de Productos Vendidos', 'P')
INSERT INTO SistemaInterfaces(NombreInterface, TextoInterface, CodigoTipoInterface) VALUES('FVentasProductosFinalizarContador', 'Cancelacion y Pago de Venta de Productos', 'P')
INSERT INTO SistemaInterfaces(NombreInterface, TextoInterface, CodigoTipoInterface) VALUES('FProductosRequeridos', 'Productos Requeridos', 'P')


INSERT INTO Usuarios(NombreUsuario, Contrasena, DIUsuario, Paterno, Materno, Nombres, Sexo) VALUES('Administrador', 'Administrador', '000000000000000', 'Administrador', 'Administrador', 'Administrador', 'M')

INSERT INTO SistemaGrupos(NombreGrupoSistema) VALUES('ADMINISTRADOR SISTEMA')
INSERT INTO SistemaGrupos(NombreGrupoSistema) VALUES('ENCARGADO VENTAS')
INSERT INTO SistemaGrupos(NombreGrupoSistema) VALUES('ENCARGADO COMPRAS')
INSERT INTO SistemaGrupos(NombreGrupoSistema) VALUES('ENCARGADO CONTABILIDAD')
INSERT INTO SistemaGrupos(NombreGrupoSistema) VALUES('ENCARGADO ALMACEN')
INSERT INTO SistemaGrupos(NombreGrupoSistema) VALUES('ENCARGADO CREDITOS')
INSERT INTO SistemaGrupos(NombreGrupoSistema) VALUES('ENCARGADO CAJA')

INSERT INTO SistemaGruposPermisosInterfaces(CodigoGrupoSistema, CodigoInterface, PermitirInsertar, PermitirEditar, PermitirEliminar, PermitirNavegar, PermitirReportes) VALUES(1, 1, 1, 1, 1, 1, 1)
INSERT INTO SistemaGruposPermisosInterfaces(CodigoGrupoSistema, CodigoInterface, PermitirInsertar, PermitirEditar, PermitirEliminar, PermitirNavegar, PermitirReportes) VALUES(1, 2, 1, 1, 1, 1, 1)
INSERT INTO SistemaGruposPermisosInterfaces(CodigoGrupoSistema, CodigoInterface, PermitirInsertar, PermitirEditar, PermitirEliminar, PermitirNavegar, PermitirReportes) VALUES(1, 3, 1, 1, 1, 1, 1)
INSERT INTO SistemaGruposPermisosInterfaces(CodigoGrupoSistema, CodigoInterface, PermitirInsertar, PermitirEditar, PermitirEliminar, PermitirNavegar, PermitirReportes) VALUES(1, 4, 1, 1, 1, 1, 1)
INSERT INTO SistemaGruposPermisosInterfaces(CodigoGrupoSistema, CodigoInterface, PermitirInsertar, PermitirEditar, PermitirEliminar, PermitirNavegar, PermitirReportes) VALUES(1, 5, 1, 1, 1, 1, 1)
INSERT INTO SistemaGruposPermisosInterfaces(CodigoGrupoSistema, CodigoInterface, PermitirInsertar, PermitirEditar, PermitirEliminar, PermitirNavegar, PermitirReportes) VALUES(1, 6, 1, 1, 1, 1, 1)
INSERT INTO SistemaGruposPermisosInterfaces(CodigoGrupoSistema, CodigoInterface, PermitirInsertar, PermitirEditar, PermitirEliminar, PermitirNavegar, PermitirReportes) VALUES(1, 7, 1, 1, 1, 1, 1)
INSERT INTO SistemaGruposPermisosInterfaces(CodigoGrupoSistema, CodigoInterface, PermitirInsertar, PermitirEditar, PermitirEliminar, PermitirNavegar, PermitirReportes) VALUES(2, 1, 1, 1, 1, 1, 1)
INSERT INTO SistemaGruposPermisosInterfaces(CodigoGrupoSistema, CodigoInterface, PermitirInsertar, PermitirEditar, PermitirEliminar, PermitirNavegar, PermitirReportes) VALUES(2, 2, 1, 1, 1, 1, 1)
INSERT INTO SistemaGruposPermisosInterfaces(CodigoGrupoSistema, CodigoInterface, PermitirInsertar, PermitirEditar, PermitirEliminar, PermitirNavegar, PermitirReportes) VALUES(2, 3, 1, 1, 1, 1, 1)
INSERT INTO SistemaGruposPermisosInterfaces(CodigoGrupoSistema, CodigoInterface, PermitirInsertar, PermitirEditar, PermitirEliminar, PermitirNavegar, PermitirReportes) VALUES(2, 4, 1, 1, 1, 1, 1)
INSERT INTO SistemaGruposPermisosInterfaces(CodigoGrupoSistema, CodigoInterface, PermitirInsertar, PermitirEditar, PermitirEliminar, PermitirNavegar, PermitirReportes) VALUES(2, 5, 1, 1, 1, 1, 1)
INSERT INTO SistemaGruposPermisosInterfaces(CodigoGrupoSistema, CodigoInterface, PermitirInsertar, PermitirEditar, PermitirEliminar, PermitirNavegar, PermitirReportes) VALUES(2, 6, 1, 1, 1, 1, 1)
INSERT INTO SistemaGruposPermisosInterfaces(CodigoGrupoSistema, CodigoInterface, PermitirInsertar, PermitirEditar, PermitirEliminar, PermitirNavegar, PermitirReportes) VALUES(2, 7, 1, 1, 1, 1, 1)
INSERT INTO SistemaGruposPermisosInterfaces(CodigoGrupoSistema, CodigoInterface, PermitirInsertar, PermitirEditar, PermitirEliminar, PermitirNavegar, PermitirReportes) VALUES(3, 1, 1, 1, 1, 1, 1)
INSERT INTO SistemaGruposPermisosInterfaces(CodigoGrupoSistema, CodigoInterface, PermitirInsertar, PermitirEditar, PermitirEliminar, PermitirNavegar, PermitirReportes) VALUES(3, 2, 1, 1, 1, 1, 1)
INSERT INTO SistemaGruposPermisosInterfaces(CodigoGrupoSistema, CodigoInterface, PermitirInsertar, PermitirEditar, PermitirEliminar, PermitirNavegar, PermitirReportes) VALUES(3, 3, 1, 1, 1, 1, 1)
INSERT INTO SistemaGruposPermisosInterfaces(CodigoGrupoSistema, CodigoInterface, PermitirInsertar, PermitirEditar, PermitirEliminar, PermitirNavegar, PermitirReportes) VALUES(3, 4, 1, 1, 1, 1, 1)
INSERT INTO SistemaGruposPermisosInterfaces(CodigoGrupoSistema, CodigoInterface, PermitirInsertar, PermitirEditar, PermitirEliminar, PermitirNavegar, PermitirReportes) VALUES(3, 5, 1, 1, 1, 1, 1)
INSERT INTO SistemaGruposPermisosInterfaces(CodigoGrupoSistema, CodigoInterface, PermitirInsertar, PermitirEditar, PermitirEliminar, PermitirNavegar, PermitirReportes) VALUES(3, 6, 1, 1, 1, 1, 1)
INSERT INTO SistemaGruposPermisosInterfaces(CodigoGrupoSistema, CodigoInterface, PermitirInsertar, PermitirEditar, PermitirEliminar, PermitirNavegar, PermitirReportes) VALUES(3, 7, 1, 1, 1, 1, 1)
INSERT INTO SistemaGruposPermisosInterfaces(CodigoGrupoSistema, CodigoInterface, PermitirInsertar, PermitirEditar, PermitirEliminar, PermitirNavegar, PermitirReportes) VALUES(4, 1, 1, 1, 1, 1, 1)
INSERT INTO SistemaGruposPermisosInterfaces(CodigoGrupoSistema, CodigoInterface, PermitirInsertar, PermitirEditar, PermitirEliminar, PermitirNavegar, PermitirReportes) VALUES(4, 2, 1, 1, 1, 1, 1)
INSERT INTO SistemaGruposPermisosInterfaces(CodigoGrupoSistema, CodigoInterface, PermitirInsertar, PermitirEditar, PermitirEliminar, PermitirNavegar, PermitirReportes) VALUES(4, 3, 1, 1, 1, 1, 1)
INSERT INTO SistemaGruposPermisosInterfaces(CodigoGrupoSistema, CodigoInterface, PermitirInsertar, PermitirEditar, PermitirEliminar, PermitirNavegar, PermitirReportes) VALUES(4, 4, 1, 1, 1, 1, 1)
INSERT INTO SistemaGruposPermisosInterfaces(CodigoGrupoSistema, CodigoInterface, PermitirInsertar, PermitirEditar, PermitirEliminar, PermitirNavegar, PermitirReportes) VALUES(4, 5, 1, 1, 1, 1, 1)
INSERT INTO SistemaGruposPermisosInterfaces(CodigoGrupoSistema, CodigoInterface, PermitirInsertar, PermitirEditar, PermitirEliminar, PermitirNavegar, PermitirReportes) VALUES(4, 6, 1, 1, 1, 1, 1)
INSERT INTO SistemaGruposPermisosInterfaces(CodigoGrupoSistema, CodigoInterface, PermitirInsertar, PermitirEditar, PermitirEliminar, PermitirNavegar, PermitirReportes) VALUES(4, 7, 1, 1, 1, 1, 1)
INSERT INTO SistemaGruposPermisosInterfaces(CodigoGrupoSistema, CodigoInterface, PermitirInsertar, PermitirEditar, PermitirEliminar, PermitirNavegar, PermitirReportes) VALUES(5, 1, 1, 1, 1, 1, 1)
INSERT INTO SistemaGruposPermisosInterfaces(CodigoGrupoSistema, CodigoInterface, PermitirInsertar, PermitirEditar, PermitirEliminar, PermitirNavegar, PermitirReportes) VALUES(5, 2, 1, 1, 1, 1, 1)
INSERT INTO SistemaGruposPermisosInterfaces(CodigoGrupoSistema, CodigoInterface, PermitirInsertar, PermitirEditar, PermitirEliminar, PermitirNavegar, PermitirReportes) VALUES(5, 3, 1, 1, 1, 1, 1)
INSERT INTO SistemaGruposPermisosInterfaces(CodigoGrupoSistema, CodigoInterface, PermitirInsertar, PermitirEditar, PermitirEliminar, PermitirNavegar, PermitirReportes) VALUES(5, 4, 1, 1, 1, 1, 1)
INSERT INTO SistemaGruposPermisosInterfaces(CodigoGrupoSistema, CodigoInterface, PermitirInsertar, PermitirEditar, PermitirEliminar, PermitirNavegar, PermitirReportes) VALUES(5, 5, 1, 1, 1, 1, 1)
INSERT INTO SistemaGruposPermisosInterfaces(CodigoGrupoSistema, CodigoInterface, PermitirInsertar, PermitirEditar, PermitirEliminar, PermitirNavegar, PermitirReportes) VALUES(5, 6, 1, 1, 1, 1, 1)
INSERT INTO SistemaGruposPermisosInterfaces(CodigoGrupoSistema, CodigoInterface, PermitirInsertar, PermitirEditar, PermitirEliminar, PermitirNavegar, PermitirReportes) VALUES(5, 7, 1, 1, 1, 1, 1)
INSERT INTO SistemaGruposPermisosInterfaces(CodigoGrupoSistema, CodigoInterface, PermitirInsertar, PermitirEditar, PermitirEliminar, PermitirNavegar, PermitirReportes) VALUES(6, 1, 1, 1, 1, 1, 1)
INSERT INTO SistemaGruposPermisosInterfaces(CodigoGrupoSistema, CodigoInterface, PermitirInsertar, PermitirEditar, PermitirEliminar, PermitirNavegar, PermitirReportes) VALUES(6, 2, 1, 1, 1, 1, 1)
INSERT INTO SistemaGruposPermisosInterfaces(CodigoGrupoSistema, CodigoInterface, PermitirInsertar, PermitirEditar, PermitirEliminar, PermitirNavegar, PermitirReportes) VALUES(6, 3, 1, 1, 1, 1, 1)
INSERT INTO SistemaGruposPermisosInterfaces(CodigoGrupoSistema, CodigoInterface, PermitirInsertar, PermitirEditar, PermitirEliminar, PermitirNavegar, PermitirReportes) VALUES(6, 4, 1, 1, 1, 1, 1)
INSERT INTO SistemaGruposPermisosInterfaces(CodigoGrupoSistema, CodigoInterface, PermitirInsertar, PermitirEditar, PermitirEliminar, PermitirNavegar, PermitirReportes) VALUES(6, 5, 1, 1, 1, 1, 1)
INSERT INTO SistemaGruposPermisosInterfaces(CodigoGrupoSistema, CodigoInterface, PermitirInsertar, PermitirEditar, PermitirEliminar, PermitirNavegar, PermitirReportes) VALUES(6, 6, 1, 1, 1, 1, 1)
INSERT INTO SistemaGruposPermisosInterfaces(CodigoGrupoSistema, CodigoInterface, PermitirInsertar, PermitirEditar, PermitirEliminar, PermitirNavegar, PermitirReportes) VALUES(6, 7, 1, 1, 1, 1, 1)
INSERT INTO SistemaGruposPermisosInterfaces(CodigoGrupoSistema, CodigoInterface, PermitirInsertar, PermitirEditar, PermitirEliminar, PermitirNavegar, PermitirReportes) VALUES(7, 1, 1, 1, 1, 1, 1)
INSERT INTO SistemaGruposPermisosInterfaces(CodigoGrupoSistema, CodigoInterface, PermitirInsertar, PermitirEditar, PermitirEliminar, PermitirNavegar, PermitirReportes) VALUES(7, 2, 1, 1, 1, 1, 1)
INSERT INTO SistemaGruposPermisosInterfaces(CodigoGrupoSistema, CodigoInterface, PermitirInsertar, PermitirEditar, PermitirEliminar, PermitirNavegar, PermitirReportes) VALUES(7, 3, 1, 1, 1, 1, 1)
INSERT INTO SistemaGruposPermisosInterfaces(CodigoGrupoSistema, CodigoInterface, PermitirInsertar, PermitirEditar, PermitirEliminar, PermitirNavegar, PermitirReportes) VALUES(7, 4, 1, 1, 1, 1, 1)
INSERT INTO SistemaGruposPermisosInterfaces(CodigoGrupoSistema, CodigoInterface, PermitirInsertar, PermitirEditar, PermitirEliminar, PermitirNavegar, PermitirReportes) VALUES(7, 5, 1, 1, 1, 1, 1)
INSERT INTO SistemaGruposPermisosInterfaces(CodigoGrupoSistema, CodigoInterface, PermitirInsertar, PermitirEditar, PermitirEliminar, PermitirNavegar, PermitirReportes) VALUES(7, 6, 1, 1, 1, 1, 1)
INSERT INTO SistemaGruposPermisosInterfaces(CodigoGrupoSistema, CodigoInterface, PermitirInsertar, PermitirEditar, PermitirEliminar, PermitirNavegar, PermitirReportes) VALUES(7, 7, 1, 1, 1, 1, 1)

INSERT INTO UsuariosAgenciasPermisosInterfaces(CodigoUsuario, NumeroAgencia, CodigoInterface, PermitirInsertar, PermitirEditar, PermitirEliminar, PermitirNavegar, PermitirReportes) VALUES(1, 1, 1, 1, 1, 1, 1, 1)
INSERT INTO UsuariosAgenciasPermisosInterfaces(CodigoUsuario, NumeroAgencia, CodigoInterface, PermitirInsertar, PermitirEditar, PermitirEliminar, PermitirNavegar, PermitirReportes) VALUES(1, 1, 2, 1, 1, 1, 1, 1)
INSERT INTO UsuariosAgenciasPermisosInterfaces(CodigoUsuario, NumeroAgencia, CodigoInterface, PermitirInsertar, PermitirEditar, PermitirEliminar, PermitirNavegar, PermitirReportes) VALUES(1, 1, 3, 1, 1, 1, 1, 1)
INSERT INTO UsuariosAgenciasPermisosInterfaces(CodigoUsuario, NumeroAgencia, CodigoInterface, PermitirInsertar, PermitirEditar, PermitirEliminar, PermitirNavegar, PermitirReportes) VALUES(1, 1, 4, 1, 1, 1, 1, 1)
INSERT INTO UsuariosAgenciasPermisosInterfaces(CodigoUsuario, NumeroAgencia, CodigoInterface, PermitirInsertar, PermitirEditar, PermitirEliminar, PermitirNavegar, PermitirReportes) VALUES(1, 1, 5, 1, 1, 1, 1, 1)
INSERT INTO UsuariosAgenciasPermisosInterfaces(CodigoUsuario, NumeroAgencia, CodigoInterface, PermitirInsertar, PermitirEditar, PermitirEliminar, PermitirNavegar, PermitirReportes) VALUES(1, 1, 6, 1, 1, 1, 1, 1)
INSERT INTO UsuariosAgenciasPermisosInterfaces(CodigoUsuario, NumeroAgencia, CodigoInterface, PermitirInsertar, PermitirEditar, PermitirEliminar, PermitirNavegar, PermitirReportes) VALUES(1, 1, 7, 1, 1, 1, 1, 1)
INSERT INTO UsuariosAgenciasPermisosInterfaces(CodigoUsuario, NumeroAgencia, CodigoInterface, PermitirInsertar, PermitirEditar, PermitirEliminar, PermitirNavegar, PermitirReportes) VALUES(1, 1, 8, 1, 1, 1, 1, 1)
INSERT INTO UsuariosAgenciasPermisosInterfaces(CodigoUsuario, NumeroAgencia, CodigoInterface, PermitirInsertar, PermitirEditar, PermitirEliminar, PermitirNavegar, PermitirReportes) VALUES(1, 1, 9, 1, 1, 1, 1, 1)
INSERT INTO UsuariosAgenciasPermisosInterfaces(CodigoUsuario, NumeroAgencia, CodigoInterface, PermitirInsertar, PermitirEditar, PermitirEliminar, PermitirNavegar, PermitirReportes) VALUES(1, 1, 10, 1, 1, 1, 1, 1)
INSERT INTO UsuariosAgenciasPermisosInterfaces(CodigoUsuario, NumeroAgencia, CodigoInterface, PermitirInsertar, PermitirEditar, PermitirEliminar, PermitirNavegar, PermitirReportes) VALUES(1, 1, 11, 1, 1, 1, 1, 1)
INSERT INTO UsuariosAgenciasPermisosInterfaces(CodigoUsuario, NumeroAgencia, CodigoInterface, PermitirInsertar, PermitirEditar, PermitirEliminar, PermitirNavegar, PermitirReportes) VALUES(1, 1, 12, 1, 1, 1, 1, 1)
INSERT INTO UsuariosAgenciasPermisosInterfaces(CodigoUsuario, NumeroAgencia, CodigoInterface, PermitirInsertar, PermitirEditar, PermitirEliminar, PermitirNavegar, PermitirReportes) VALUES(1, 1, 13, 1, 1, 1, 1, 1)
INSERT INTO UsuariosAgenciasPermisosInterfaces(CodigoUsuario, NumeroAgencia, CodigoInterface, PermitirInsertar, PermitirEditar, PermitirEliminar, PermitirNavegar, PermitirReportes) VALUES(1, 1, 14, 1, 1, 1, 1, 1)
INSERT INTO UsuariosAgenciasPermisosInterfaces(CodigoUsuario, NumeroAgencia, CodigoInterface, PermitirInsertar, PermitirEditar, PermitirEliminar, PermitirNavegar, PermitirReportes) VALUES(1, 1, 15, 1, 1, 1, 1, 1)
INSERT INTO UsuariosAgenciasPermisosInterfaces(CodigoUsuario, NumeroAgencia, CodigoInterface, PermitirInsertar, PermitirEditar, PermitirEliminar, PermitirNavegar, PermitirReportes) VALUES(1, 1, 16, 1, 1, 1, 1, 1)
INSERT INTO UsuariosAgenciasPermisosInterfaces(CodigoUsuario, NumeroAgencia, CodigoInterface, PermitirInsertar, PermitirEditar, PermitirEliminar, PermitirNavegar, PermitirReportes) VALUES(1, 1, 17, 1, 1, 1, 1, 1)
INSERT INTO UsuariosAgenciasPermisosInterfaces(CodigoUsuario, NumeroAgencia, CodigoInterface, PermitirInsertar, PermitirEditar, PermitirEliminar, PermitirNavegar, PermitirReportes) VALUES(1, 1, 18, 1, 1, 1, 1, 1)
INSERT INTO UsuariosAgenciasPermisosInterfaces(CodigoUsuario, NumeroAgencia, CodigoInterface, PermitirInsertar, PermitirEditar, PermitirEliminar, PermitirNavegar, PermitirReportes) VALUES(1, 1, 19, 1, 1, 1, 1, 1)
INSERT INTO UsuariosAgenciasPermisosInterfaces(CodigoUsuario, NumeroAgencia, CodigoInterface, PermitirInsertar, PermitirEditar, PermitirEliminar, PermitirNavegar, PermitirReportes) VALUES(1, 1, 20, 1, 1, 1, 1, 1)
INSERT INTO UsuariosAgenciasPermisosInterfaces(CodigoUsuario, NumeroAgencia, CodigoInterface, PermitirInsertar, PermitirEditar, PermitirEliminar, PermitirNavegar, PermitirReportes) VALUES(1, 1, 21, 1, 1, 1, 1, 1)
INSERT INTO UsuariosAgenciasPermisosInterfaces(CodigoUsuario, NumeroAgencia, CodigoInterface, PermitirInsertar, PermitirEditar, PermitirEliminar, PermitirNavegar, PermitirReportes) VALUES(1, 1, 22, 1, 1, 1, 1, 1)
INSERT INTO UsuariosAgenciasPermisosInterfaces(CodigoUsuario, NumeroAgencia, CodigoInterface, PermitirInsertar, PermitirEditar, PermitirEliminar, PermitirNavegar, PermitirReportes) VALUES(1, 1, 23, 1, 1, 1, 1, 1)
INSERT INTO UsuariosAgenciasPermisosInterfaces(CodigoUsuario, NumeroAgencia, CodigoInterface, PermitirInsertar, PermitirEditar, PermitirEliminar, PermitirNavegar, PermitirReportes) VALUES(1, 1, 24, 1, 1, 1, 1, 1)
INSERT INTO UsuariosAgenciasPermisosInterfaces(CodigoUsuario, NumeroAgencia, CodigoInterface, PermitirInsertar, PermitirEditar, PermitirEliminar, PermitirNavegar, PermitirReportes) VALUES(1, 1, 25, 1, 1, 1, 1, 1)
INSERT INTO UsuariosAgenciasPermisosInterfaces(CodigoUsuario, NumeroAgencia, CodigoInterface, PermitirInsertar, PermitirEditar, PermitirEliminar, PermitirNavegar, PermitirReportes) VALUES(1, 1, 26, 1, 1, 1, 1, 1)
INSERT INTO UsuariosAgenciasPermisosInterfaces(CodigoUsuario, NumeroAgencia, CodigoInterface, PermitirInsertar, PermitirEditar, PermitirEliminar, PermitirNavegar, PermitirReportes) VALUES(1, 1, 27, 1, 1, 1, 1, 1)
INSERT INTO UsuariosAgenciasPermisosInterfaces(CodigoUsuario, NumeroAgencia, CodigoInterface, PermitirInsertar, PermitirEditar, PermitirEliminar, PermitirNavegar, PermitirReportes) VALUES(1, 1, 28, 1, 1, 1, 1, 1)
INSERT INTO UsuariosAgenciasPermisosInterfaces(CodigoUsuario, NumeroAgencia, CodigoInterface, PermitirInsertar, PermitirEditar, PermitirEliminar, PermitirNavegar, PermitirReportes) VALUES(1, 1, 29, 1, 1, 1, 1, 1)
INSERT INTO UsuariosAgenciasPermisosInterfaces(CodigoUsuario, NumeroAgencia, CodigoInterface, PermitirInsertar, PermitirEditar, PermitirEliminar, PermitirNavegar, PermitirReportes) VALUES(1, 1, 30, 1, 1, 1, 1, 1)
INSERT INTO UsuariosAgenciasPermisosInterfaces(CodigoUsuario, NumeroAgencia, CodigoInterface, PermitirInsertar, PermitirEditar, PermitirEliminar, PermitirNavegar, PermitirReportes) VALUES(1, 2, 1, 1, 1, 1, 1, 1)
INSERT INTO UsuariosAgenciasPermisosInterfaces(CodigoUsuario, NumeroAgencia, CodigoInterface, PermitirInsertar, PermitirEditar, PermitirEliminar, PermitirNavegar, PermitirReportes) VALUES(1, 2, 2, 1, 1, 1, 1, 1)
INSERT INTO UsuariosAgenciasPermisosInterfaces(CodigoUsuario, NumeroAgencia, CodigoInterface, PermitirInsertar, PermitirEditar, PermitirEliminar, PermitirNavegar, PermitirReportes) VALUES(1, 2, 3, 1, 1, 1, 1, 1)
INSERT INTO UsuariosAgenciasPermisosInterfaces(CodigoUsuario, NumeroAgencia, CodigoInterface, PermitirInsertar, PermitirEditar, PermitirEliminar, PermitirNavegar, PermitirReportes) VALUES(1, 2, 4, 1, 1, 1, 1, 1)
INSERT INTO UsuariosAgenciasPermisosInterfaces(CodigoUsuario, NumeroAgencia, CodigoInterface, PermitirInsertar, PermitirEditar, PermitirEliminar, PermitirNavegar, PermitirReportes) VALUES(1, 2, 5, 1, 1, 1, 1, 1)
INSERT INTO UsuariosAgenciasPermisosInterfaces(CodigoUsuario, NumeroAgencia, CodigoInterface, PermitirInsertar, PermitirEditar, PermitirEliminar, PermitirNavegar, PermitirReportes) VALUES(1, 2, 6, 1, 1, 1, 1, 1)
INSERT INTO UsuariosAgenciasPermisosInterfaces(CodigoUsuario, NumeroAgencia, CodigoInterface, PermitirInsertar, PermitirEditar, PermitirEliminar, PermitirNavegar, PermitirReportes) VALUES(1, 2, 7, 1, 1, 1, 1, 1)
INSERT INTO UsuariosAgenciasPermisosInterfaces(CodigoUsuario, NumeroAgencia, CodigoInterface, PermitirInsertar, PermitirEditar, PermitirEliminar, PermitirNavegar, PermitirReportes) VALUES(1, 2, 8, 1, 1, 1, 1, 1)
INSERT INTO UsuariosAgenciasPermisosInterfaces(CodigoUsuario, NumeroAgencia, CodigoInterface, PermitirInsertar, PermitirEditar, PermitirEliminar, PermitirNavegar, PermitirReportes) VALUES(1, 2, 9, 1, 1, 1, 1, 1)
INSERT INTO UsuariosAgenciasPermisosInterfaces(CodigoUsuario, NumeroAgencia, CodigoInterface, PermitirInsertar, PermitirEditar, PermitirEliminar, PermitirNavegar, PermitirReportes) VALUES(1, 2, 10, 1, 1, 1, 1, 1)
INSERT INTO UsuariosAgenciasPermisosInterfaces(CodigoUsuario, NumeroAgencia, CodigoInterface, PermitirInsertar, PermitirEditar, PermitirEliminar, PermitirNavegar, PermitirReportes) VALUES(1, 2, 11, 1, 1, 1, 1, 1)
INSERT INTO UsuariosAgenciasPermisosInterfaces(CodigoUsuario, NumeroAgencia, CodigoInterface, PermitirInsertar, PermitirEditar, PermitirEliminar, PermitirNavegar, PermitirReportes) VALUES(1, 2, 12, 1, 1, 1, 1, 1)
INSERT INTO UsuariosAgenciasPermisosInterfaces(CodigoUsuario, NumeroAgencia, CodigoInterface, PermitirInsertar, PermitirEditar, PermitirEliminar, PermitirNavegar, PermitirReportes) VALUES(1, 2, 13, 1, 1, 1, 1, 1)
INSERT INTO UsuariosAgenciasPermisosInterfaces(CodigoUsuario, NumeroAgencia, CodigoInterface, PermitirInsertar, PermitirEditar, PermitirEliminar, PermitirNavegar, PermitirReportes) VALUES(1, 2, 14, 1, 1, 1, 1, 1)
INSERT INTO UsuariosAgenciasPermisosInterfaces(CodigoUsuario, NumeroAgencia, CodigoInterface, PermitirInsertar, PermitirEditar, PermitirEliminar, PermitirNavegar, PermitirReportes) VALUES(1, 2, 15, 1, 1, 1, 1, 1)
INSERT INTO UsuariosAgenciasPermisosInterfaces(CodigoUsuario, NumeroAgencia, CodigoInterface, PermitirInsertar, PermitirEditar, PermitirEliminar, PermitirNavegar, PermitirReportes) VALUES(1, 2, 16, 1, 1, 1, 1, 1)
INSERT INTO UsuariosAgenciasPermisosInterfaces(CodigoUsuario, NumeroAgencia, CodigoInterface, PermitirInsertar, PermitirEditar, PermitirEliminar, PermitirNavegar, PermitirReportes) VALUES(1, 2, 17, 1, 1, 1, 1, 1)
INSERT INTO UsuariosAgenciasPermisosInterfaces(CodigoUsuario, NumeroAgencia, CodigoInterface, PermitirInsertar, PermitirEditar, PermitirEliminar, PermitirNavegar, PermitirReportes) VALUES(1, 2, 18, 1, 1, 1, 1, 1)
INSERT INTO UsuariosAgenciasPermisosInterfaces(CodigoUsuario, NumeroAgencia, CodigoInterface, PermitirInsertar, PermitirEditar, PermitirEliminar, PermitirNavegar, PermitirReportes) VALUES(1, 2, 19, 1, 1, 1, 1, 1)
INSERT INTO UsuariosAgenciasPermisosInterfaces(CodigoUsuario, NumeroAgencia, CodigoInterface, PermitirInsertar, PermitirEditar, PermitirEliminar, PermitirNavegar, PermitirReportes) VALUES(1, 2, 20, 1, 1, 1, 1, 1)
INSERT INTO UsuariosAgenciasPermisosInterfaces(CodigoUsuario, NumeroAgencia, CodigoInterface, PermitirInsertar, PermitirEditar, PermitirEliminar, PermitirNavegar, PermitirReportes) VALUES(1, 2, 21, 1, 1, 1, 1, 1)
INSERT INTO UsuariosAgenciasPermisosInterfaces(CodigoUsuario, NumeroAgencia, CodigoInterface, PermitirInsertar, PermitirEditar, PermitirEliminar, PermitirNavegar, PermitirReportes) VALUES(1, 2, 22, 1, 1, 1, 1, 1)
INSERT INTO UsuariosAgenciasPermisosInterfaces(CodigoUsuario, NumeroAgencia, CodigoInterface, PermitirInsertar, PermitirEditar, PermitirEliminar, PermitirNavegar, PermitirReportes) VALUES(1, 2, 23, 1, 1, 1, 1, 1)
INSERT INTO UsuariosAgenciasPermisosInterfaces(CodigoUsuario, NumeroAgencia, CodigoInterface, PermitirInsertar, PermitirEditar, PermitirEliminar, PermitirNavegar, PermitirReportes) VALUES(1, 2, 24, 1, 1, 1, 1, 1)
INSERT INTO UsuariosAgenciasPermisosInterfaces(CodigoUsuario, NumeroAgencia, CodigoInterface, PermitirInsertar, PermitirEditar, PermitirEliminar, PermitirNavegar, PermitirReportes) VALUES(1, 2, 25, 1, 1, 1, 1, 1)
INSERT INTO UsuariosAgenciasPermisosInterfaces(CodigoUsuario, NumeroAgencia, CodigoInterface, PermitirInsertar, PermitirEditar, PermitirEliminar, PermitirNavegar, PermitirReportes) VALUES(1, 2, 26, 1, 1, 1, 1, 1)
INSERT INTO UsuariosAgenciasPermisosInterfaces(CodigoUsuario, NumeroAgencia, CodigoInterface, PermitirInsertar, PermitirEditar, PermitirEliminar, PermitirNavegar, PermitirReportes) VALUES(1, 2, 27, 1, 1, 1, 1, 1)
INSERT INTO UsuariosAgenciasPermisosInterfaces(CodigoUsuario, NumeroAgencia, CodigoInterface, PermitirInsertar, PermitirEditar, PermitirEliminar, PermitirNavegar, PermitirReportes) VALUES(1, 2, 28, 1, 1, 1, 1, 1)
INSERT INTO UsuariosAgenciasPermisosInterfaces(CodigoUsuario, NumeroAgencia, CodigoInterface, PermitirInsertar, PermitirEditar, PermitirEliminar, PermitirNavegar, PermitirReportes) VALUES(1, 2, 29, 1, 1, 1, 1, 1)
INSERT INTO UsuariosAgenciasPermisosInterfaces(CodigoUsuario, NumeroAgencia, CodigoInterface, PermitirInsertar, PermitirEditar, PermitirEliminar, PermitirNavegar, PermitirReportes) VALUES(1, 2, 30, 1, 1, 1, 1, 1)
INSERT INTO UsuariosAgenciasPermisosInterfaces(CodigoUsuario, NumeroAgencia, CodigoInterface, PermitirInsertar, PermitirEditar, PermitirEliminar, PermitirNavegar, PermitirReportes) VALUES(1, 3, 1, 1, 1, 1, 1, 1)
INSERT INTO UsuariosAgenciasPermisosInterfaces(CodigoUsuario, NumeroAgencia, CodigoInterface, PermitirInsertar, PermitirEditar, PermitirEliminar, PermitirNavegar, PermitirReportes) VALUES(1, 3, 2, 1, 1, 1, 1, 1)
INSERT INTO UsuariosAgenciasPermisosInterfaces(CodigoUsuario, NumeroAgencia, CodigoInterface, PermitirInsertar, PermitirEditar, PermitirEliminar, PermitirNavegar, PermitirReportes) VALUES(1, 3, 3, 1, 1, 1, 1, 1)
INSERT INTO UsuariosAgenciasPermisosInterfaces(CodigoUsuario, NumeroAgencia, CodigoInterface, PermitirInsertar, PermitirEditar, PermitirEliminar, PermitirNavegar, PermitirReportes) VALUES(1, 3, 4, 1, 1, 1, 1, 1)
INSERT INTO UsuariosAgenciasPermisosInterfaces(CodigoUsuario, NumeroAgencia, CodigoInterface, PermitirInsertar, PermitirEditar, PermitirEliminar, PermitirNavegar, PermitirReportes) VALUES(1, 3, 5, 1, 1, 1, 1, 1)
INSERT INTO UsuariosAgenciasPermisosInterfaces(CodigoUsuario, NumeroAgencia, CodigoInterface, PermitirInsertar, PermitirEditar, PermitirEliminar, PermitirNavegar, PermitirReportes) VALUES(1, 3, 6, 1, 1, 1, 1, 1)
INSERT INTO UsuariosAgenciasPermisosInterfaces(CodigoUsuario, NumeroAgencia, CodigoInterface, PermitirInsertar, PermitirEditar, PermitirEliminar, PermitirNavegar, PermitirReportes) VALUES(1, 3, 7, 1, 1, 1, 1, 1)
INSERT INTO UsuariosAgenciasPermisosInterfaces(CodigoUsuario, NumeroAgencia, CodigoInterface, PermitirInsertar, PermitirEditar, PermitirEliminar, PermitirNavegar, PermitirReportes) VALUES(1, 3, 8, 1, 1, 1, 1, 1)
INSERT INTO UsuariosAgenciasPermisosInterfaces(CodigoUsuario, NumeroAgencia, CodigoInterface, PermitirInsertar, PermitirEditar, PermitirEliminar, PermitirNavegar, PermitirReportes) VALUES(1, 3, 9, 1, 1, 1, 1, 1)
INSERT INTO UsuariosAgenciasPermisosInterfaces(CodigoUsuario, NumeroAgencia, CodigoInterface, PermitirInsertar, PermitirEditar, PermitirEliminar, PermitirNavegar, PermitirReportes) VALUES(1, 3, 10, 1, 1, 1, 1, 1)
INSERT INTO UsuariosAgenciasPermisosInterfaces(CodigoUsuario, NumeroAgencia, CodigoInterface, PermitirInsertar, PermitirEditar, PermitirEliminar, PermitirNavegar, PermitirReportes) VALUES(1, 3, 11, 1, 1, 1, 1, 1)
INSERT INTO UsuariosAgenciasPermisosInterfaces(CodigoUsuario, NumeroAgencia, CodigoInterface, PermitirInsertar, PermitirEditar, PermitirEliminar, PermitirNavegar, PermitirReportes) VALUES(1, 3, 12, 1, 1, 1, 1, 1)
INSERT INTO UsuariosAgenciasPermisosInterfaces(CodigoUsuario, NumeroAgencia, CodigoInterface, PermitirInsertar, PermitirEditar, PermitirEliminar, PermitirNavegar, PermitirReportes) VALUES(1, 3, 13, 1, 1, 1, 1, 1)
INSERT INTO UsuariosAgenciasPermisosInterfaces(CodigoUsuario, NumeroAgencia, CodigoInterface, PermitirInsertar, PermitirEditar, PermitirEliminar, PermitirNavegar, PermitirReportes) VALUES(1, 3, 14, 1, 1, 1, 1, 1)
INSERT INTO UsuariosAgenciasPermisosInterfaces(CodigoUsuario, NumeroAgencia, CodigoInterface, PermitirInsertar, PermitirEditar, PermitirEliminar, PermitirNavegar, PermitirReportes) VALUES(1, 3, 15, 1, 1, 1, 1, 1)
INSERT INTO UsuariosAgenciasPermisosInterfaces(CodigoUsuario, NumeroAgencia, CodigoInterface, PermitirInsertar, PermitirEditar, PermitirEliminar, PermitirNavegar, PermitirReportes) VALUES(1, 3, 16, 1, 1, 1, 1, 1)
INSERT INTO UsuariosAgenciasPermisosInterfaces(CodigoUsuario, NumeroAgencia, CodigoInterface, PermitirInsertar, PermitirEditar, PermitirEliminar, PermitirNavegar, PermitirReportes) VALUES(1, 3, 17, 1, 1, 1, 1, 1)
INSERT INTO UsuariosAgenciasPermisosInterfaces(CodigoUsuario, NumeroAgencia, CodigoInterface, PermitirInsertar, PermitirEditar, PermitirEliminar, PermitirNavegar, PermitirReportes) VALUES(1, 3, 18, 1, 1, 1, 1, 1)
INSERT INTO UsuariosAgenciasPermisosInterfaces(CodigoUsuario, NumeroAgencia, CodigoInterface, PermitirInsertar, PermitirEditar, PermitirEliminar, PermitirNavegar, PermitirReportes) VALUES(1, 3, 19, 1, 1, 1, 1, 1)
INSERT INTO UsuariosAgenciasPermisosInterfaces(CodigoUsuario, NumeroAgencia, CodigoInterface, PermitirInsertar, PermitirEditar, PermitirEliminar, PermitirNavegar, PermitirReportes) VALUES(1, 3, 20, 1, 1, 1, 1, 1)
INSERT INTO UsuariosAgenciasPermisosInterfaces(CodigoUsuario, NumeroAgencia, CodigoInterface, PermitirInsertar, PermitirEditar, PermitirEliminar, PermitirNavegar, PermitirReportes) VALUES(1, 3, 21, 1, 1, 1, 1, 1)
INSERT INTO UsuariosAgenciasPermisosInterfaces(CodigoUsuario, NumeroAgencia, CodigoInterface, PermitirInsertar, PermitirEditar, PermitirEliminar, PermitirNavegar, PermitirReportes) VALUES(1, 3, 22, 1, 1, 1, 1, 1)
INSERT INTO UsuariosAgenciasPermisosInterfaces(CodigoUsuario, NumeroAgencia, CodigoInterface, PermitirInsertar, PermitirEditar, PermitirEliminar, PermitirNavegar, PermitirReportes) VALUES(1, 3, 23, 1, 1, 1, 1, 1)
INSERT INTO UsuariosAgenciasPermisosInterfaces(CodigoUsuario, NumeroAgencia, CodigoInterface, PermitirInsertar, PermitirEditar, PermitirEliminar, PermitirNavegar, PermitirReportes) VALUES(1, 3, 24, 1, 1, 1, 1, 1)
INSERT INTO UsuariosAgenciasPermisosInterfaces(CodigoUsuario, NumeroAgencia, CodigoInterface, PermitirInsertar, PermitirEditar, PermitirEliminar, PermitirNavegar, PermitirReportes) VALUES(1, 3, 25, 1, 1, 1, 1, 1)
INSERT INTO UsuariosAgenciasPermisosInterfaces(CodigoUsuario, NumeroAgencia, CodigoInterface, PermitirInsertar, PermitirEditar, PermitirEliminar, PermitirNavegar, PermitirReportes) VALUES(1, 3, 26, 1, 1, 1, 1, 1)
INSERT INTO UsuariosAgenciasPermisosInterfaces(CodigoUsuario, NumeroAgencia, CodigoInterface, PermitirInsertar, PermitirEditar, PermitirEliminar, PermitirNavegar, PermitirReportes) VALUES(1, 3, 27, 1, 1, 1, 1, 1)
INSERT INTO UsuariosAgenciasPermisosInterfaces(CodigoUsuario, NumeroAgencia, CodigoInterface, PermitirInsertar, PermitirEditar, PermitirEliminar, PermitirNavegar, PermitirReportes) VALUES(1, 3, 28, 1, 1, 1, 1, 1)
INSERT INTO UsuariosAgenciasPermisosInterfaces(CodigoUsuario, NumeroAgencia, CodigoInterface, PermitirInsertar, PermitirEditar, PermitirEliminar, PermitirNavegar, PermitirReportes) VALUES(1, 3, 29, 1, 1, 1, 1, 1)
INSERT INTO UsuariosAgenciasPermisosInterfaces(CodigoUsuario, NumeroAgencia, CodigoInterface, PermitirInsertar, PermitirEditar, PermitirEliminar, PermitirNavegar, PermitirReportes) VALUES(1, 3, 30, 1, 1, 1, 1, 1)

INSERT INTO SistemaMenuPrincipal(CodigoElementoMenu, CodigoElementoMenuPadre, NombreElementoMenu, TextoElementoMenu, CodigoTipoElementoMenu, URLImagenElementoMenu, NombreBotonBarra, TextoBotonBarra, URLImagenBotonBarra, FuncionEnlace) VALUES(1, NULL, 'TSMIArchivo', 'Archivo', 'M', '', NULL, '', '', NULL)
INSERT INTO SistemaMenuPrincipal(CodigoElementoMenu, CodigoElementoMenuPadre, NombreElementoMenu, TextoElementoMenu, CodigoTipoElementoMenu, URLImagenElementoMenu, NombreBotonBarra, TextoBotonBarra, URLImagenBotonBarra, FuncionEnlace) VALUES(2, 1, 'TSMIRespaldo', 'Respaldo', 'M', '', NULL, '', '', NULL)
INSERT INTO SistemaMenuPrincipal(CodigoElementoMenu, CodigoElementoMenuPadre, NombreElementoMenu, TextoElementoMenu, CodigoTipoElementoMenu, URLImagenElementoMenu, NombreBotonBarra, TextoBotonBarra, URLImagenBotonBarra, FuncionEnlace) VALUES(3, 2, 'TSMIImportar', 'Importar', 'M', '', 'TSBImportar', 'Importar', '', 'Importar')
INSERT INTO SistemaMenuPrincipal(CodigoElementoMenu, CodigoElementoMenuPadre, NombreElementoMenu, TextoElementoMenu, CodigoTipoElementoMenu, URLImagenElementoMenu, NombreBotonBarra, TextoBotonBarra, URLImagenBotonBarra, FuncionEnlace) VALUES(4, 2, 'TSMIExportar', 'Exportar', 'M', '', 'TSBExportar', 'Exportar', '', 'Exportar')
INSERT INTO SistemaMenuPrincipal(CodigoElementoMenu, CodigoElementoMenuPadre, NombreElementoMenu, TextoElementoMenu, CodigoTipoElementoMenu, URLImagenElementoMenu, NombreBotonBarra, TextoBotonBarra, URLImagenBotonBarra, FuncionEnlace) VALUES(5, 2, 'TSMIBitacora', 'Bitacora', 'M', '', 'TSBBitacora', 'Bitacora', '', 'Bitacora')
INSERT INTO SistemaMenuPrincipal(CodigoElementoMenu, CodigoElementoMenuPadre, NombreElementoMenu, TextoElementoMenu, CodigoTipoElementoMenu, URLImagenElementoMenu, NombreBotonBarra, TextoBotonBarra, URLImagenBotonBarra, FuncionEnlace) VALUES(6, 1, 'TSMISistema', 'Sistema', 'M', '', NULL, '', '', NULL)
INSERT INTO SistemaMenuPrincipal(CodigoElementoMenu, CodigoElementoMenuPadre, NombreElementoMenu, TextoElementoMenu, CodigoTipoElementoMenu, URLImagenElementoMenu, NombreBotonBarra, TextoBotonBarra, URLImagenBotonBarra, FuncionEnlace) VALUES(7, 6, 'TSMIAgencias', 'Agencias', 'M', '', 'TSBAgencias', 'Agencias', '', 'Agencias')
INSERT INTO SistemaMenuPrincipal(CodigoElementoMenu, CodigoElementoMenuPadre, NombreElementoMenu, TextoElementoMenu, CodigoTipoElementoMenu, URLImagenElementoMenu, NombreBotonBarra, TextoBotonBarra, URLImagenBotonBarra, FuncionEnlace) VALUES(8, 6, 'TSMIUsuarios', 'Usuarios', 'M', '', 'TSBUsuarios', 'Usuarios', '', 'Usuarios')
INSERT INTO SistemaMenuPrincipal(CodigoElementoMenu, CodigoElementoMenuPadre, NombreElementoMenu, TextoElementoMenu, CodigoTipoElementoMenu, URLImagenElementoMenu, NombreBotonBarra, TextoBotonBarra, URLImagenBotonBarra, FuncionEnlace) VALUES(9, 6, 'TSMIPreferencias', 'Preferencias', 'M', '', 'TSBPreferencias', 'Preferencias', '', 'Preferencias')
INSERT INTO SistemaMenuPrincipal(CodigoElementoMenu, CodigoElementoMenuPadre, NombreElementoMenu, TextoElementoMenu, CodigoTipoElementoMenu, URLImagenElementoMenu, NombreBotonBarra, TextoBotonBarra, URLImagenBotonBarra, FuncionEnlace) VALUES(10, 1, 'TSMISeparador1', '-', 'S', '', NULL, '', '', NULL)
INSERT INTO SistemaMenuPrincipal(CodigoElementoMenu, CodigoElementoMenuPadre, NombreElementoMenu, TextoElementoMenu, CodigoTipoElementoMenu, URLImagenElementoMenu, NombreBotonBarra, TextoBotonBarra, URLImagenBotonBarra, FuncionEnlace) VALUES(11, 1, 'TSMISalir', 'Salir', 'M', '', 'TSBSalir', 'Salir', '', 'Salir')
INSERT INTO SistemaMenuPrincipal(CodigoElementoMenu, CodigoElementoMenuPadre, NombreElementoMenu, TextoElementoMenu, CodigoTipoElementoMenu, URLImagenElementoMenu, NombreBotonBarra, TextoBotonBarra, URLImagenBotonBarra, FuncionEnlace) VALUES(12, NULL, 'TSMIAVer', 'Ver', 'M', '', NULL, '', '', NULL)
INSERT INTO SistemaMenuPrincipal(CodigoElementoMenu, CodigoElementoMenuPadre, NombreElementoMenu, TextoElementoMenu, CodigoTipoElementoMenu, URLImagenElementoMenu, NombreBotonBarra, TextoBotonBarra, URLImagenBotonBarra, FuncionEnlace) VALUES(13, NULL, 'TSMIRegistros', 'Registro', 'M', '', NULL, '', '', NULL)
INSERT INTO SistemaMenuPrincipal(CodigoElementoMenu, CodigoElementoMenuPadre, NombreElementoMenu, TextoElementoMenu, CodigoTipoElementoMenu, URLImagenElementoMenu, NombreBotonBarra, TextoBotonBarra, URLImagenBotonBarra, FuncionEnlace) VALUES(14, 13, 'TSMIPersonas', 'Personas', 'M', '', 'TSBPersonas', 'Personas', '', 'Personas')
INSERT INTO SistemaMenuPrincipal(CodigoElementoMenu, CodigoElementoMenuPadre, NombreElementoMenu, TextoElementoMenu, CodigoTipoElementoMenu, URLImagenElementoMenu, NombreBotonBarra, TextoBotonBarra, URLImagenBotonBarra, FuncionEnlace) VALUES(15, 13, 'TSMISeparador2', '-', 'S', '', NULL, '', '', NULL)
INSERT INTO SistemaMenuPrincipal(CodigoElementoMenu, CodigoElementoMenuPadre, NombreElementoMenu, TextoElementoMenu, CodigoTipoElementoMenu, URLImagenElementoMenu, NombreBotonBarra, TextoBotonBarra, URLImagenBotonBarra, FuncionEnlace) VALUES(16, 13, 'TSMIProveedores', 'Proveedores', 'M', '', 'TSBProveedores', 'Proveedores', '', 'Proveedores')
INSERT INTO SistemaMenuPrincipal(CodigoElementoMenu, CodigoElementoMenuPadre, NombreElementoMenu, TextoElementoMenu, CodigoTipoElementoMenu, URLImagenElementoMenu, NombreBotonBarra, TextoBotonBarra, URLImagenBotonBarra, FuncionEnlace) VALUES(17, 13, 'TSMISeparador3', '-', 'S', '', NULL, 'Proveedores', '', NULL)
INSERT INTO SistemaMenuPrincipal(CodigoElementoMenu, CodigoElementoMenuPadre, NombreElementoMenu, TextoElementoMenu, CodigoTipoElementoMenu, URLImagenElementoMenu, NombreBotonBarra, TextoBotonBarra, URLImagenBotonBarra, FuncionEnlace) VALUES(18, 13, 'TSMIClientes', 'Clientes', 'M', '', 'TSBClientes', 'Clientes', '', 'Clientes')
INSERT INTO SistemaMenuPrincipal(CodigoElementoMenu, CodigoElementoMenuPadre, NombreElementoMenu, TextoElementoMenu, CodigoTipoElementoMenu, URLImagenElementoMenu, NombreBotonBarra, TextoBotonBarra, URLImagenBotonBarra, FuncionEnlace) VALUES(19, 13, 'TSMISeparador4', '-', 'S', '', NULL, '', '', NULL)
INSERT INTO SistemaMenuPrincipal(CodigoElementoMenu, CodigoElementoMenuPadre, NombreElementoMenu, TextoElementoMenu, CodigoTipoElementoMenu, URLImagenElementoMenu, NombreBotonBarra, TextoBotonBarra, URLImagenBotonBarra, FuncionEnlace) VALUES(20, 13, 'TSMIProductos', 'Productos', 'M', '', 'TSBProductos', 'Productos', '', 'Productos')
INSERT INTO SistemaMenuPrincipal(CodigoElementoMenu, CodigoElementoMenuPadre, NombreElementoMenu, TextoElementoMenu, CodigoTipoElementoMenu, URLImagenElementoMenu, NombreBotonBarra, TextoBotonBarra, URLImagenBotonBarra, FuncionEnlace) VALUES(21, 13, 'TSMISeparador5', '-', 'S', '', NULL, '', '', NULL)
INSERT INTO SistemaMenuPrincipal(CodigoElementoMenu, CodigoElementoMenuPadre, NombreElementoMenu, TextoElementoMenu, CodigoTipoElementoMenu, URLImagenElementoMenu, NombreBotonBarra, TextoBotonBarra, URLImagenBotonBarra, FuncionEnlace) VALUES(22, 13, 'TSMICotizacionMonedas', 'Cotizaciones', 'M', '', 'TSBCotizacionMonedas', 'Cotizaciones', '', 'CotizacionMonedas')
INSERT INTO SistemaMenuPrincipal(CodigoElementoMenu, CodigoElementoMenuPadre, NombreElementoMenu, TextoElementoMenu, CodigoTipoElementoMenu, URLImagenElementoMenu, NombreBotonBarra, TextoBotonBarra, URLImagenBotonBarra, FuncionEnlace) VALUES(23, NULL, 'TSMITransacciones', 'Transacciones', 'M', '', 'TSBTransacciones', 'Transacciones', '', 'Transacciones')
INSERT INTO SistemaMenuPrincipal(CodigoElementoMenu, CodigoElementoMenuPadre, NombreElementoMenu, TextoElementoMenu, CodigoTipoElementoMenu, URLImagenElementoMenu, NombreBotonBarra, TextoBotonBarra, URLImagenBotonBarra, FuncionEnlace) VALUES(24, 23, 'TSMICreditos', 'Creditos', 'M','', 'TSBCreditos', 'Creditos', '', 'Creditos')
INSERT INTO SistemaMenuPrincipal(CodigoElementoMenu, CodigoElementoMenuPadre, NombreElementoMenu, TextoElementoMenu, CodigoTipoElementoMenu, URLImagenElementoMenu, NombreBotonBarra, TextoBotonBarra, URLImagenBotonBarra, FuncionEnlace) VALUES(25, 23, 'TSMICompras', 'Compras', 'M','', 'TSBCompras', 'Compras', '', 'Compras')
INSERT INTO SistemaMenuPrincipal(CodigoElementoMenu, CodigoElementoMenuPadre, NombreElementoMenu, TextoElementoMenu, CodigoTipoElementoMenu, URLImagenElementoMenu, NombreBotonBarra, TextoBotonBarra, URLImagenBotonBarra, FuncionEnlace) VALUES(26, 23, 'TSMIDevolucionesCompras', 'Devoluciones compras', 'M','', 'TSBDevolucionesCompras', 'Devoluciones compras', '', 'DevolucionesCompras')
INSERT INTO SistemaMenuPrincipal(CodigoElementoMenu, CodigoElementoMenuPadre, NombreElementoMenu, TextoElementoMenu, CodigoTipoElementoMenu, URLImagenElementoMenu, NombreBotonBarra, TextoBotonBarra, URLImagenBotonBarra, FuncionEnlace) VALUES(27, 23, 'TSMICuentasPorPagar', 'Cuentas por pagar', 'M', '', 'TSBCuentasPorPagar', 'Cuentas por pagar', '', 'CuentasPorPagar')
INSERT INTO SistemaMenuPrincipal(CodigoElementoMenu, CodigoElementoMenuPadre, NombreElementoMenu, TextoElementoMenu, CodigoTipoElementoMenu, URLImagenElementoMenu, NombreBotonBarra, TextoBotonBarra, URLImagenBotonBarra, FuncionEnlace) VALUES(28, 23, 'TSMISeparador6', '-', 'S', '', NULL, '', '', NULL)
INSERT INTO SistemaMenuPrincipal(CodigoElementoMenu, CodigoElementoMenuPadre, NombreElementoMenu, TextoElementoMenu, CodigoTipoElementoMenu, URLImagenElementoMenu, NombreBotonBarra, TextoBotonBarra, URLImagenBotonBarra, FuncionEnlace) VALUES(29, 23, 'TSMICotizacionesVentas', 'Cotizaciones ventas', 'M', '', 'TSBCotizacionesVentas', 'Cotizaciones ventas', '', 'CotizacionesVentas')
INSERT INTO SistemaMenuPrincipal(CodigoElementoMenu, CodigoElementoMenuPadre, NombreElementoMenu, TextoElementoMenu, CodigoTipoElementoMenu, URLImagenElementoMenu, NombreBotonBarra, TextoBotonBarra, URLImagenBotonBarra, FuncionEnlace) VALUES(30, 23, 'TSMIVentas', 'Ventas', 'M','', 'TSBVentas', '', '',  NULL)
INSERT INTO SistemaMenuPrincipal(CodigoElementoMenu, CodigoElementoMenuPadre, NombreElementoMenu, TextoElementoMenu, CodigoTipoElementoMenu, URLImagenElementoMenu, NombreBotonBarra, TextoBotonBarra, URLImagenBotonBarra, FuncionEnlace) VALUES(31, 23, 'TSMIDevolucionesVentas', 'Devoluciones ventas', 'M', '', 'TSBDevolucionesVentas', 'Devoluciones venas', '', 'DevolucionesVentas')
INSERT INTO SistemaMenuPrincipal(CodigoElementoMenu, CodigoElementoMenuPadre, NombreElementoMenu, TextoElementoMenu, CodigoTipoElementoMenu, URLImagenElementoMenu, NombreBotonBarra, TextoBotonBarra, URLImagenBotonBarra, FuncionEnlace) VALUES(32, 23, 'TSMICuentasPorCobrar', 'Cuentas por cobrar', 'M', '', 'TSBCuentasPorCobrar', 'Cuenas por cobrar', '', 'CuentasPorCobrar')
INSERT INTO SistemaMenuPrincipal(CodigoElementoMenu, CodigoElementoMenuPadre, NombreElementoMenu, TextoElementoMenu, CodigoTipoElementoMenu, URLImagenElementoMenu, NombreBotonBarra, TextoBotonBarra, URLImagenBotonBarra, FuncionEnlace) VALUES(33, 23, 'TSMISeparador7', '-', 'S', '', NULL, '', '', NULL)
INSERT INTO SistemaMenuPrincipal(CodigoElementoMenu, CodigoElementoMenuPadre, NombreElementoMenu, TextoElementoMenu, CodigoTipoElementoMenu, URLImagenElementoMenu, NombreBotonBarra, TextoBotonBarra, URLImagenBotonBarra, FuncionEnlace) VALUES(34, 23, 'TSMIDepositosBancarios', 'Depositos bancarios', 'M', '', 'TSBDepositosBancarios', 'Depositos bancarios', '', 'DepositosBancarios')
INSERT INTO SistemaMenuPrincipal(CodigoElementoMenu, CodigoElementoMenuPadre, NombreElementoMenu, TextoElementoMenu, CodigoTipoElementoMenu, URLImagenElementoMenu, NombreBotonBarra, TextoBotonBarra, URLImagenBotonBarra, FuncionEnlace) VALUES(35, 23, 'TSMISeparador8', '-', 'S', '', NULL, '', '', NULL)
INSERT INTO SistemaMenuPrincipal(CodigoElementoMenu, CodigoElementoMenuPadre, NombreElementoMenu, TextoElementoMenu, CodigoTipoElementoMenu, URLImagenElementoMenu, NombreBotonBarra, TextoBotonBarra, URLImagenBotonBarra, FuncionEnlace) VALUES(36, 23, 'TSMIAsientosContables', 'Asientos contables', 'M', '', 'TSBAsientosContables', 'Asientos contables', '', 'AsientosContables')
INSERT INTO SistemaMenuPrincipal(CodigoElementoMenu, CodigoElementoMenuPadre, NombreElementoMenu, TextoElementoMenu, CodigoTipoElementoMenu, URLImagenElementoMenu, NombreBotonBarra, TextoBotonBarra, URLImagenBotonBarra, FuncionEnlace) VALUES(37, NULL, 'TSMIHerramientas', 'Herramientas', 'M', '', NULL, '', '', NULL)
INSERT INTO SistemaMenuPrincipal(CodigoElementoMenu, CodigoElementoMenuPadre, NombreElementoMenu, TextoElementoMenu, CodigoTipoElementoMenu, URLImagenElementoMenu, NombreBotonBarra, TextoBotonBarra, URLImagenBotonBarra, FuncionEnlace) VALUES(38, 37, 'TSMIAdministradorInventarios', 'Administrador de inventarios', 'M', '', 'TSBAdministradorInventarios', 'Administrador de inventarios', '', 'AdministradorInventarios')
INSERT INTO SistemaMenuPrincipal(CodigoElementoMenu, CodigoElementoMenuPadre, NombreElementoMenu, TextoElementoMenu, CodigoTipoElementoMenu, URLImagenElementoMenu, NombreBotonBarra, TextoBotonBarra, URLImagenBotonBarra, FuncionEnlace) VALUES(39, 37, 'TSMISeparador9', '-', 'S', '', NULL, '', '', NULL)
INSERT INTO SistemaMenuPrincipal(CodigoElementoMenu, CodigoElementoMenuPadre, NombreElementoMenu, TextoElementoMenu, CodigoTipoElementoMenu, URLImagenElementoMenu, NombreBotonBarra, TextoBotonBarra, URLImagenBotonBarra, FuncionEnlace) VALUES(40, 37, 'TSMISeguimientoCompetencia', 'Seguimiento a competencia', 'M', '', 'TSBSeguimientoCompetencia', 'Seguimiento a competencia', '', 'SeguimientoCompetencia')
INSERT INTO SistemaMenuPrincipal(CodigoElementoMenu, CodigoElementoMenuPadre, NombreElementoMenu, TextoElementoMenu, CodigoTipoElementoMenu, URLImagenElementoMenu, NombreBotonBarra, TextoBotonBarra, URLImagenBotonBarra, FuncionEnlace) VALUES(41, 37, 'TSMISeparador10', '-', 'S', '', NULL, '', '', NULL)
INSERT INTO SistemaMenuPrincipal(CodigoElementoMenu, CodigoElementoMenuPadre, NombreElementoMenu, TextoElementoMenu, CodigoTipoElementoMenu, URLImagenElementoMenu, NombreBotonBarra, TextoBotonBarra, URLImagenBotonBarra, FuncionEnlace) VALUES(42, 37, 'TSMIImportarListasProveedores', 'Importar listas proveedores', 'M', '', 'TSBImportarListasProveedores', 'Importar listas proveedores', '', 'ImportarListasProveedores')
INSERT INTO SistemaMenuPrincipal(CodigoElementoMenu, CodigoElementoMenuPadre, NombreElementoMenu, TextoElementoMenu, CodigoTipoElementoMenu, URLImagenElementoMenu, NombreBotonBarra, TextoBotonBarra, URLImagenBotonBarra, FuncionEnlace) VALUES(43, NULL, 'TSMIReportes', 'Reportes', 'M', '', NULL, '', '', NULL)
INSERT INTO SistemaMenuPrincipal(CodigoElementoMenu, CodigoElementoMenuPadre, NombreElementoMenu, TextoElementoMenu, CodigoTipoElementoMenu, URLImagenElementoMenu, NombreBotonBarra, TextoBotonBarra, URLImagenBotonBarra, FuncionEnlace) VALUES(44, 43, 'TSMIContabilidad', 'Contabilidad', 'M', '', NULL, '', '', NULL)
INSERT INTO SistemaMenuPrincipal(CodigoElementoMenu, CodigoElementoMenuPadre, NombreElementoMenu, TextoElementoMenu, CodigoTipoElementoMenu, URLImagenElementoMenu, NombreBotonBarra, TextoBotonBarra, URLImagenBotonBarra, FuncionEnlace) VALUES(45, 44, 'TSMIBalanceGeneral', 'Balance general', 'M', '', 'TSBBalanceGeneral', 'Balance general', '', 'BalanceGeneral')
INSERT INTO SistemaMenuPrincipal(CodigoElementoMenu, CodigoElementoMenuPadre, NombreElementoMenu, TextoElementoMenu, CodigoTipoElementoMenu, URLImagenElementoMenu, NombreBotonBarra, TextoBotonBarra, URLImagenBotonBarra, FuncionEnlace) VALUES(46, 44, 'TSMIEstadoResultados', 'Estado de resultados', 'M', '', 'TSBEstadoResultados', 'Estado resultados', '', 'EstadoResultados')
INSERT INTO SistemaMenuPrincipal(CodigoElementoMenu, CodigoElementoMenuPadre, NombreElementoMenu, TextoElementoMenu, CodigoTipoElementoMenu, URLImagenElementoMenu, NombreBotonBarra, TextoBotonBarra, URLImagenBotonBarra, FuncionEnlace) VALUES(47, 44, 'TSMILibroDiario', 'Libro diario', 'M', '', 'TSBLibroDiario', 'Libro diario', '', 'LibroDiario')
INSERT INTO SistemaMenuPrincipal(CodigoElementoMenu, CodigoElementoMenuPadre, NombreElementoMenu, TextoElementoMenu, CodigoTipoElementoMenu, URLImagenElementoMenu, NombreBotonBarra, TextoBotonBarra, URLImagenBotonBarra, FuncionEnlace) VALUES(48, 44, 'TSMILibroMayores', 'Libro de mayores', 'M', '', 'TSBLibroMayores', 'Libro mayores', '', 'LibroMayores')
INSERT INTO SistemaMenuPrincipal(CodigoElementoMenu, CodigoElementoMenuPadre, NombreElementoMenu, TextoElementoMenu, CodigoTipoElementoMenu, URLImagenElementoMenu, NombreBotonBarra, TextoBotonBarra, URLImagenBotonBarra, FuncionEnlace) VALUES(49, NULL, 'TSMIConfiguracion', 'Configuración', 'M', '', NULL, '', '', NULL)
INSERT INTO SistemaMenuPrincipal(CodigoElementoMenu, CodigoElementoMenuPadre, NombreElementoMenu, TextoElementoMenu, CodigoTipoElementoMenu, URLImagenElementoMenu, NombreBotonBarra, TextoBotonBarra, URLImagenBotonBarra, FuncionEnlace) VALUES(50, 49, 'TSMIRegional', 'Regional', 'M', '', NULL, '', '', NULL)
INSERT INTO SistemaMenuPrincipal(CodigoElementoMenu, CodigoElementoMenuPadre, NombreElementoMenu, TextoElementoMenu, CodigoTipoElementoMenu, URLImagenElementoMenu, NombreBotonBarra, TextoBotonBarra, URLImagenBotonBarra, FuncionEnlace) VALUES(51, 50, 'TSMIPaises', 'Paises', 'M', '', 'TSBPaises', 'Paises', '', 'Paises')
INSERT INTO SistemaMenuPrincipal(CodigoElementoMenu, CodigoElementoMenuPadre, NombreElementoMenu, TextoElementoMenu, CodigoTipoElementoMenu, URLImagenElementoMenu, NombreBotonBarra, TextoBotonBarra, URLImagenBotonBarra, FuncionEnlace) VALUES(52, 50, 'TSMIDepartamentos', 'Departamentos', 'M', '', 'TSBDepartamentos', 'Departamentos', '', 'Departamentos')
INSERT INTO SistemaMenuPrincipal(CodigoElementoMenu, CodigoElementoMenuPadre, NombreElementoMenu, TextoElementoMenu, CodigoTipoElementoMenu, URLImagenElementoMenu, NombreBotonBarra, TextoBotonBarra, URLImagenBotonBarra, FuncionEnlace) VALUES(53, 50, 'TSMIProvincias', 'Provincias', 'M', '', 'TSBProvincias', 'Provincias', '', 'Provincias')
INSERT INTO SistemaMenuPrincipal(CodigoElementoMenu, CodigoElementoMenuPadre, NombreElementoMenu, TextoElementoMenu, CodigoTipoElementoMenu, URLImagenElementoMenu, NombreBotonBarra, TextoBotonBarra, URLImagenBotonBarra, FuncionEnlace) VALUES(54, 50, 'TSMILugares', 'Lugares', 'M', '', 'TSBLugares', 'Lugares', '', 'Lugares')
INSERT INTO SistemaMenuPrincipal(CodigoElementoMenu, CodigoElementoMenuPadre, NombreElementoMenu, TextoElementoMenu, CodigoTipoElementoMenu, URLImagenElementoMenu, NombreBotonBarra, TextoBotonBarra, URLImagenBotonBarra, FuncionEnlace) VALUES(55, 49, 'TSMIProductosConfiguracion', 'Productos', 'M', '', NULL, '', '', NULL)
INSERT INTO SistemaMenuPrincipal(CodigoElementoMenu, CodigoElementoMenuPadre, NombreElementoMenu, TextoElementoMenu, CodigoTipoElementoMenu, URLImagenElementoMenu, NombreBotonBarra, TextoBotonBarra, URLImagenBotonBarra, FuncionEnlace) VALUES(56, 55, 'TSMIMarcas', 'Marcas', 'M', '', 'TSBMarcas', 'Marcas', '', 'Marcas')
INSERT INTO SistemaMenuPrincipal(CodigoElementoMenu, CodigoElementoMenuPadre, NombreElementoMenu, TextoElementoMenu, CodigoTipoElementoMenu, URLImagenElementoMenu, NombreBotonBarra, TextoBotonBarra, URLImagenBotonBarra, FuncionEnlace) VALUES(57, 55, 'TSMIPropiedades', 'Propiedades', 'M', '', 'TSBPropiedades', 'Propiedades', '', 'Propiedades')
INSERT INTO SistemaMenuPrincipal(CodigoElementoMenu, CodigoElementoMenuPadre, NombreElementoMenu, TextoElementoMenu, CodigoTipoElementoMenu, URLImagenElementoMenu, NombreBotonBarra, TextoBotonBarra, URLImagenBotonBarra, FuncionEnlace) VALUES(58, 55, 'TSMITiposProductos', 'TiposProductos', 'M', '', 'TSBTiposProductos', 'Tipo productos', '', 'TiposProductos')
INSERT INTO SistemaMenuPrincipal(CodigoElementoMenu, CodigoElementoMenuPadre, NombreElementoMenu, TextoElementoMenu, CodigoTipoElementoMenu, URLImagenElementoMenu, NombreBotonBarra, TextoBotonBarra, URLImagenBotonBarra, FuncionEnlace) VALUES(59, 55, 'TSMIUnidades', 'Unidades', 'M', '', 'TSBUnidades', 'Unidades', '', 'Unidades')
INSERT INTO SistemaMenuPrincipal(CodigoElementoMenu, CodigoElementoMenuPadre, NombreElementoMenu, TextoElementoMenu, CodigoTipoElementoMenu, URLImagenElementoMenu, NombreBotonBarra, TextoBotonBarra, URLImagenBotonBarra, FuncionEnlace) VALUES(60, 49, 'TSMICuentasPorCobrarPagar', 'Cuentas por cobrar & pagar', 'M', '', NULL, '', '', NULL)
INSERT INTO SistemaMenuPrincipal(CodigoElementoMenu, CodigoElementoMenuPadre, NombreElementoMenu, TextoElementoMenu, CodigoTipoElementoMenu, URLImagenElementoMenu, NombreBotonBarra, TextoBotonBarra, URLImagenBotonBarra, FuncionEnlace) VALUES(61, 60, 'TSMIFrecuenciaPagos', 'Frecuencia pagos', 'M', '', 'TSBFrecuencia pagos', 'Frecuencia pagos', '', 'FrecuenciasPagos')
INSERT INTO SistemaMenuPrincipal(CodigoElementoMenu, CodigoElementoMenuPadre, NombreElementoMenu, TextoElementoMenu, CodigoTipoElementoMenu, URLImagenElementoMenu, NombreBotonBarra, TextoBotonBarra, URLImagenBotonBarra, FuncionEnlace) VALUES(62, 49, 'TSMITransaccionesConfiguracion', 'Transacciones', 'M', '', NULL, '', '', NULL)
INSERT INTO SistemaMenuPrincipal(CodigoElementoMenu, CodigoElementoMenuPadre, NombreElementoMenu, TextoElementoMenu, CodigoTipoElementoMenu, URLImagenElementoMenu, NombreBotonBarra, TextoBotonBarra, URLImagenBotonBarra, FuncionEnlace) VALUES(63, 62, 'TSMIMotivosReemplazoDevolucion', 'Motivos reemplazo & devoluciones', 'M', '', 'TSBMotivosReemplazoDevolucion', 'MotivosReemplazoDevolucion', '', 'MotivosReemplazoDevolucion')
INSERT INTO SistemaMenuPrincipal(CodigoElementoMenu, CodigoElementoMenuPadre, NombreElementoMenu, TextoElementoMenu, CodigoTipoElementoMenu, URLImagenElementoMenu, NombreBotonBarra, TextoBotonBarra, URLImagenBotonBarra, FuncionEnlace) VALUES(64, 62, 'TSMIBancos', 'Bancos', 'M', '', 'TSBBancos', 'Bancos', '', 'Bancos')
INSERT INTO SistemaMenuPrincipal(CodigoElementoMenu, CodigoElementoMenuPadre, NombreElementoMenu, TextoElementoMenu, CodigoTipoElementoMenu, URLImagenElementoMenu, NombreBotonBarra, TextoBotonBarra, URLImagenBotonBarra, FuncionEnlace) VALUES(65, 62, 'TSMIMonedas', 'Monedas', 'M', '', 'TSBMonedas', 'Monedas', '', 'Monedas')
INSERT INTO SistemaMenuPrincipal(CodigoElementoMenu, CodigoElementoMenuPadre, NombreElementoMenu, TextoElementoMenu, CodigoTipoElementoMenu, URLImagenElementoMenu, NombreBotonBarra, TextoBotonBarra, URLImagenBotonBarra, FuncionEnlace, CodigoInterface) VALUES(68, 23, 'TSMIPagoVentasProductos', 'Pago de Ventas Productos', 'M','', 'TSBPagoVentasProductos', '', '',  PagoVentasProducto, 29)
INSERT INTO SistemaMenuPrincipal(CodigoElementoMenu, CodigoElementoMenuPadre, NombreElementoMenu, TextoElementoMenu, CodigoTipoElementoMenu, URLImagenElementoMenu, NombreBotonBarra, TextoBotonBarra, URLImagenBotonBarra, FuncionEnlace, CodigoInterface) VALUES(67, 23, 'TSMIEntregaVentasProductos', 'Entrega de Ventas Productos', 'M','', 'TSBEntregaVentasProductos', '', '',  EntregaVentasProductos, 28)
INSERT INTO SistemaMenuPrincipal(CodigoElementoMenu, CodigoElementoMenuPadre, NombreElementoMenu, TextoElementoMenu, CodigoTipoElementoMenu, URLImagenElementoMenu, NombreBotonBarra, TextoBotonBarra, URLImagenBotonBarra, FuncionEnlace, CodigoInterface) VALUES(69, 37, 'TSMIProductosRequeridos', 'Productos Requeridos', 'M','', 'TSBProductosRequeridos', '', '',  ProductosRequeridos, 30)
--delete from SistemaMenuPrincipal where codigoelementomenu in (67,68,69)




INSERT INTO UsuariosAgenciasMenuPrincipal(CodigoUsuario, NumeroAgencia, CodigoElementoMenu, Visible, Activo, IncluirBotonBarra) VALUES(1, 1, 1, 1, 1, 0)
INSERT INTO UsuariosAgenciasMenuPrincipal(CodigoUsuario, NumeroAgencia, CodigoElementoMenu, Visible, Activo, IncluirBotonBarra) VALUES(1, 1, 2, 1, 1, 0)
INSERT INTO UsuariosAgenciasMenuPrincipal(CodigoUsuario, NumeroAgencia, CodigoElementoMenu, Visible, Activo, IncluirBotonBarra) VALUES(1, 1, 3, 1, 1, 0)
INSERT INTO UsuariosAgenciasMenuPrincipal(CodigoUsuario, NumeroAgencia, CodigoElementoMenu, Visible, Activo, IncluirBotonBarra) VALUES(1, 1, 4, 1, 1, 0)
INSERT INTO UsuariosAgenciasMenuPrincipal(CodigoUsuario, NumeroAgencia, CodigoElementoMenu, Visible, Activo, IncluirBotonBarra) VALUES(1, 1, 5, 1, 1, 0)
INSERT INTO UsuariosAgenciasMenuPrincipal(CodigoUsuario, NumeroAgencia, CodigoElementoMenu, Visible, Activo, IncluirBotonBarra) VALUES(1, 1, 6, 1, 1, 0)
INSERT INTO UsuariosAgenciasMenuPrincipal(CodigoUsuario, NumeroAgencia, CodigoElementoMenu, Visible, Activo, IncluirBotonBarra) VALUES(1, 1, 7, 1, 1, 0)
INSERT INTO UsuariosAgenciasMenuPrincipal(CodigoUsuario, NumeroAgencia, CodigoElementoMenu, Visible, Activo, IncluirBotonBarra) VALUES(1, 1, 8, 1, 1, 0)
INSERT INTO UsuariosAgenciasMenuPrincipal(CodigoUsuario, NumeroAgencia, CodigoElementoMenu, Visible, Activo, IncluirBotonBarra) VALUES(1, 1, 9, 1, 1, 0)
INSERT INTO UsuariosAgenciasMenuPrincipal(CodigoUsuario, NumeroAgencia, CodigoElementoMenu, Visible, Activo, IncluirBotonBarra) VALUES(1, 1, 10, 1, 1, 0)
INSERT INTO UsuariosAgenciasMenuPrincipal(CodigoUsuario, NumeroAgencia, CodigoElementoMenu, Visible, Activo, IncluirBotonBarra) VALUES(1, 1, 11, 1, 1, 0)
INSERT INTO UsuariosAgenciasMenuPrincipal(CodigoUsuario, NumeroAgencia, CodigoElementoMenu, Visible, Activo, IncluirBotonBarra) VALUES(1, 1, 12, 1, 1, 0)
INSERT INTO UsuariosAgenciasMenuPrincipal(CodigoUsuario, NumeroAgencia, CodigoElementoMenu, Visible, Activo, IncluirBotonBarra) VALUES(1, 1, 13, 1, 1, 0)
INSERT INTO UsuariosAgenciasMenuPrincipal(CodigoUsuario, NumeroAgencia, CodigoElementoMenu, Visible, Activo, IncluirBotonBarra) VALUES(1, 1, 14, 1, 1, 0)
INSERT INTO UsuariosAgenciasMenuPrincipal(CodigoUsuario, NumeroAgencia, CodigoElementoMenu, Visible, Activo, IncluirBotonBarra) VALUES(1, 1, 15, 1, 1, 0)
INSERT INTO UsuariosAgenciasMenuPrincipal(CodigoUsuario, NumeroAgencia, CodigoElementoMenu, Visible, Activo, IncluirBotonBarra) VALUES(1, 1, 16, 1, 1, 0)
INSERT INTO UsuariosAgenciasMenuPrincipal(CodigoUsuario, NumeroAgencia, CodigoElementoMenu, Visible, Activo, IncluirBotonBarra) VALUES(1, 1, 17, 1, 1, 0)
INSERT INTO UsuariosAgenciasMenuPrincipal(CodigoUsuario, NumeroAgencia, CodigoElementoMenu, Visible, Activo, IncluirBotonBarra) VALUES(1, 1, 18, 1, 1, 0)
INSERT INTO UsuariosAgenciasMenuPrincipal(CodigoUsuario, NumeroAgencia, CodigoElementoMenu, Visible, Activo, IncluirBotonBarra) VALUES(1, 1, 19, 1, 1, 0)
INSERT INTO UsuariosAgenciasMenuPrincipal(CodigoUsuario, NumeroAgencia, CodigoElementoMenu, Visible, Activo, IncluirBotonBarra) VALUES(1, 1, 20, 1, 1, 0)
INSERT INTO UsuariosAgenciasMenuPrincipal(CodigoUsuario, NumeroAgencia, CodigoElementoMenu, Visible, Activo, IncluirBotonBarra) VALUES(1, 1, 21, 1, 1, 0)
INSERT INTO UsuariosAgenciasMenuPrincipal(CodigoUsuario, NumeroAgencia, CodigoElementoMenu, Visible, Activo, IncluirBotonBarra) VALUES(1, 1, 22, 1, 1, 0)
INSERT INTO UsuariosAgenciasMenuPrincipal(CodigoUsuario, NumeroAgencia, CodigoElementoMenu, Visible, Activo, IncluirBotonBarra) VALUES(1, 1, 23, 1, 1, 0)
INSERT INTO UsuariosAgenciasMenuPrincipal(CodigoUsuario, NumeroAgencia, CodigoElementoMenu, Visible, Activo, IncluirBotonBarra) VALUES(1, 1, 24, 1, 1, 0)
INSERT INTO UsuariosAgenciasMenuPrincipal(CodigoUsuario, NumeroAgencia, CodigoElementoMenu, Visible, Activo, IncluirBotonBarra) VALUES(1, 1, 25, 1, 1, 0)
INSERT INTO UsuariosAgenciasMenuPrincipal(CodigoUsuario, NumeroAgencia, CodigoElementoMenu, Visible, Activo, IncluirBotonBarra) VALUES(1, 1, 26, 1, 1, 0)
INSERT INTO UsuariosAgenciasMenuPrincipal(CodigoUsuario, NumeroAgencia, CodigoElementoMenu, Visible, Activo, IncluirBotonBarra) VALUES(1, 1, 27, 1, 1, 0)
INSERT INTO UsuariosAgenciasMenuPrincipal(CodigoUsuario, NumeroAgencia, CodigoElementoMenu, Visible, Activo, IncluirBotonBarra) VALUES(1, 1, 28, 1, 1, 0)
INSERT INTO UsuariosAgenciasMenuPrincipal(CodigoUsuario, NumeroAgencia, CodigoElementoMenu, Visible, Activo, IncluirBotonBarra) VALUES(1, 1, 29, 1, 1, 0)
INSERT INTO UsuariosAgenciasMenuPrincipal(CodigoUsuario, NumeroAgencia, CodigoElementoMenu, Visible, Activo, IncluirBotonBarra) VALUES(1, 1, 30, 1, 1, 0)
INSERT INTO UsuariosAgenciasMenuPrincipal(CodigoUsuario, NumeroAgencia, CodigoElementoMenu, Visible, Activo, IncluirBotonBarra) VALUES(1, 1, 31, 1, 1, 0)
INSERT INTO UsuariosAgenciasMenuPrincipal(CodigoUsuario, NumeroAgencia, CodigoElementoMenu, Visible, Activo, IncluirBotonBarra) VALUES(1, 1, 32, 1, 1, 0)
INSERT INTO UsuariosAgenciasMenuPrincipal(CodigoUsuario, NumeroAgencia, CodigoElementoMenu, Visible, Activo, IncluirBotonBarra) VALUES(1, 1, 33, 1, 1, 0)
INSERT INTO UsuariosAgenciasMenuPrincipal(CodigoUsuario, NumeroAgencia, CodigoElementoMenu, Visible, Activo, IncluirBotonBarra) VALUES(1, 1, 34, 1, 1, 0)
INSERT INTO UsuariosAgenciasMenuPrincipal(CodigoUsuario, NumeroAgencia, CodigoElementoMenu, Visible, Activo, IncluirBotonBarra) VALUES(1, 1, 35, 1, 1, 0)
INSERT INTO UsuariosAgenciasMenuPrincipal(CodigoUsuario, NumeroAgencia, CodigoElementoMenu, Visible, Activo, IncluirBotonBarra) VALUES(1, 1, 36, 1, 1, 0)
INSERT INTO UsuariosAgenciasMenuPrincipal(CodigoUsuario, NumeroAgencia, CodigoElementoMenu, Visible, Activo, IncluirBotonBarra) VALUES(1, 1, 37, 1, 1, 0)
INSERT INTO UsuariosAgenciasMenuPrincipal(CodigoUsuario, NumeroAgencia, CodigoElementoMenu, Visible, Activo, IncluirBotonBarra) VALUES(1, 1, 38, 1, 1, 0)
INSERT INTO UsuariosAgenciasMenuPrincipal(CodigoUsuario, NumeroAgencia, CodigoElementoMenu, Visible, Activo, IncluirBotonBarra) VALUES(1, 1, 39, 1, 1, 0)
INSERT INTO UsuariosAgenciasMenuPrincipal(CodigoUsuario, NumeroAgencia, CodigoElementoMenu, Visible, Activo, IncluirBotonBarra) VALUES(1, 1, 40, 1, 1, 0)
INSERT INTO UsuariosAgenciasMenuPrincipal(CodigoUsuario, NumeroAgencia, CodigoElementoMenu, Visible, Activo, IncluirBotonBarra) VALUES(1, 1, 41, 1, 1, 0)
INSERT INTO UsuariosAgenciasMenuPrincipal(CodigoUsuario, NumeroAgencia, CodigoElementoMenu, Visible, Activo, IncluirBotonBarra) VALUES(1, 1, 42, 1, 1, 0)
INSERT INTO UsuariosAgenciasMenuPrincipal(CodigoUsuario, NumeroAgencia, CodigoElementoMenu, Visible, Activo, IncluirBotonBarra) VALUES(1, 1, 43, 1, 1, 0)
INSERT INTO UsuariosAgenciasMenuPrincipal(CodigoUsuario, NumeroAgencia, CodigoElementoMenu, Visible, Activo, IncluirBotonBarra) VALUES(1, 1, 44, 1, 1, 0)
INSERT INTO UsuariosAgenciasMenuPrincipal(CodigoUsuario, NumeroAgencia, CodigoElementoMenu, Visible, Activo, IncluirBotonBarra) VALUES(1, 1, 45, 1, 1, 0)
INSERT INTO UsuariosAgenciasMenuPrincipal(CodigoUsuario, NumeroAgencia, CodigoElementoMenu, Visible, Activo, IncluirBotonBarra) VALUES(1, 1, 46, 1, 1, 0)
INSERT INTO UsuariosAgenciasMenuPrincipal(CodigoUsuario, NumeroAgencia, CodigoElementoMenu, Visible, Activo, IncluirBotonBarra) VALUES(1, 1, 47, 1, 1, 0)
INSERT INTO UsuariosAgenciasMenuPrincipal(CodigoUsuario, NumeroAgencia, CodigoElementoMenu, Visible, Activo, IncluirBotonBarra) VALUES(1, 1, 48, 1, 1, 0)
INSERT INTO UsuariosAgenciasMenuPrincipal(CodigoUsuario, NumeroAgencia, CodigoElementoMenu, Visible, Activo, IncluirBotonBarra) VALUES(1, 1, 49, 1, 1, 0)
INSERT INTO UsuariosAgenciasMenuPrincipal(CodigoUsuario, NumeroAgencia, CodigoElementoMenu, Visible, Activo, IncluirBotonBarra) VALUES(1, 1, 50, 1, 1, 0)
INSERT INTO UsuariosAgenciasMenuPrincipal(CodigoUsuario, NumeroAgencia, CodigoElementoMenu, Visible, Activo, IncluirBotonBarra) VALUES(1, 1, 51, 1, 1, 0)
INSERT INTO UsuariosAgenciasMenuPrincipal(CodigoUsuario, NumeroAgencia, CodigoElementoMenu, Visible, Activo, IncluirBotonBarra) VALUES(1, 1, 52, 1, 1, 0)
INSERT INTO UsuariosAgenciasMenuPrincipal(CodigoUsuario, NumeroAgencia, CodigoElementoMenu, Visible, Activo, IncluirBotonBarra) VALUES(1, 1, 53, 1, 1, 0)
INSERT INTO UsuariosAgenciasMenuPrincipal(CodigoUsuario, NumeroAgencia, CodigoElementoMenu, Visible, Activo, IncluirBotonBarra) VALUES(1, 1, 54, 1, 1, 0)
INSERT INTO UsuariosAgenciasMenuPrincipal(CodigoUsuario, NumeroAgencia, CodigoElementoMenu, Visible, Activo, IncluirBotonBarra) VALUES(1, 1, 55, 1, 1, 0)
INSERT INTO UsuariosAgenciasMenuPrincipal(CodigoUsuario, NumeroAgencia, CodigoElementoMenu, Visible, Activo, IncluirBotonBarra) VALUES(1, 1, 56, 1, 1, 0)
INSERT INTO UsuariosAgenciasMenuPrincipal(CodigoUsuario, NumeroAgencia, CodigoElementoMenu, Visible, Activo, IncluirBotonBarra) VALUES(1, 1, 57, 1, 1, 0)
INSERT INTO UsuariosAgenciasMenuPrincipal(CodigoUsuario, NumeroAgencia, CodigoElementoMenu, Visible, Activo, IncluirBotonBarra) VALUES(1, 1, 58, 1, 1, 0)
INSERT INTO UsuariosAgenciasMenuPrincipal(CodigoUsuario, NumeroAgencia, CodigoElementoMenu, Visible, Activo, IncluirBotonBarra) VALUES(1, 1, 59, 1, 1, 0)
INSERT INTO UsuariosAgenciasMenuPrincipal(CodigoUsuario, NumeroAgencia, CodigoElementoMenu, Visible, Activo, IncluirBotonBarra) VALUES(1, 1, 60, 1, 1, 0)
INSERT INTO UsuariosAgenciasMenuPrincipal(CodigoUsuario, NumeroAgencia, CodigoElementoMenu, Visible, Activo, IncluirBotonBarra) VALUES(1, 1, 61, 1, 1, 0)
INSERT INTO UsuariosAgenciasMenuPrincipal(CodigoUsuario, NumeroAgencia, CodigoElementoMenu, Visible, Activo, IncluirBotonBarra) VALUES(1, 1, 62, 1, 1, 0)
INSERT INTO UsuariosAgenciasMenuPrincipal(CodigoUsuario, NumeroAgencia, CodigoElementoMenu, Visible, Activo, IncluirBotonBarra) VALUES(1, 1, 63, 1, 1, 0)
INSERT INTO UsuariosAgenciasMenuPrincipal(CodigoUsuario, NumeroAgencia, CodigoElementoMenu, Visible, Activo, IncluirBotonBarra) VALUES(1, 1, 64, 1, 1, 0)
INSERT INTO UsuariosAgenciasMenuPrincipal(CodigoUsuario, NumeroAgencia, CodigoElementoMenu, Visible, Activo, IncluirBotonBarra) VALUES(1, 1, 65, 1, 1, 0)
INSERT INTO UsuariosAgenciasMenuPrincipal(CodigoUsuario, NumeroAgencia, CodigoElementoMenu, Visible, Activo, IncluirBotonBarra) VALUES(1, 1, 66, 1, 1, 0)
INSERT INTO UsuariosAgenciasMenuPrincipal(CodigoUsuario, NumeroAgencia, CodigoElementoMenu, Visible, Activo, IncluirBotonBarra) VALUES(1, 1, 67, 1, 1, 0)
INSERT INTO UsuariosAgenciasMenuPrincipal(CodigoUsuario, NumeroAgencia, CodigoElementoMenu, Visible, Activo, IncluirBotonBarra) VALUES(1, 1, 68, 1, 1, 0)
INSERT INTO UsuariosAgenciasMenuPrincipal(CodigoUsuario, NumeroAgencia, CodigoElementoMenu, Visible, Activo, IncluirBotonBarra) VALUES(1, 1, 69, 1, 1, 0)
INSERT INTO UsuariosAgenciasMenuPrincipal(CodigoUsuario, NumeroAgencia, CodigoElementoMenu, Visible, Activo, IncluirBotonBarra) VALUES(1, 2, 1, 1, 1, 0)
INSERT INTO UsuariosAgenciasMenuPrincipal(CodigoUsuario, NumeroAgencia, CodigoElementoMenu, Visible, Activo, IncluirBotonBarra) VALUES(1, 2, 2, 1, 1, 0)
INSERT INTO UsuariosAgenciasMenuPrincipal(CodigoUsuario, NumeroAgencia, CodigoElementoMenu, Visible, Activo, IncluirBotonBarra) VALUES(1, 2, 3, 1, 1, 0)
INSERT INTO UsuariosAgenciasMenuPrincipal(CodigoUsuario, NumeroAgencia, CodigoElementoMenu, Visible, Activo, IncluirBotonBarra) VALUES(1, 2, 4, 1, 1, 0)
INSERT INTO UsuariosAgenciasMenuPrincipal(CodigoUsuario, NumeroAgencia, CodigoElementoMenu, Visible, Activo, IncluirBotonBarra) VALUES(1, 2, 5, 1, 1, 0)
INSERT INTO UsuariosAgenciasMenuPrincipal(CodigoUsuario, NumeroAgencia, CodigoElementoMenu, Visible, Activo, IncluirBotonBarra) VALUES(1, 2, 6, 1, 1, 0)
INSERT INTO UsuariosAgenciasMenuPrincipal(CodigoUsuario, NumeroAgencia, CodigoElementoMenu, Visible, Activo, IncluirBotonBarra) VALUES(1, 2, 7, 1, 1, 0)
INSERT INTO UsuariosAgenciasMenuPrincipal(CodigoUsuario, NumeroAgencia, CodigoElementoMenu, Visible, Activo, IncluirBotonBarra) VALUES(1, 2, 8, 1, 1, 0)
INSERT INTO UsuariosAgenciasMenuPrincipal(CodigoUsuario, NumeroAgencia, CodigoElementoMenu, Visible, Activo, IncluirBotonBarra) VALUES(1, 2, 9, 1, 1, 0)
INSERT INTO UsuariosAgenciasMenuPrincipal(CodigoUsuario, NumeroAgencia, CodigoElementoMenu, Visible, Activo, IncluirBotonBarra) VALUES(1, 2, 10, 1, 1, 0)
INSERT INTO UsuariosAgenciasMenuPrincipal(CodigoUsuario, NumeroAgencia, CodigoElementoMenu, Visible, Activo, IncluirBotonBarra) VALUES(1, 2, 11, 1, 1, 0)
INSERT INTO UsuariosAgenciasMenuPrincipal(CodigoUsuario, NumeroAgencia, CodigoElementoMenu, Visible, Activo, IncluirBotonBarra) VALUES(1, 2, 12, 1, 1, 0)
INSERT INTO UsuariosAgenciasMenuPrincipal(CodigoUsuario, NumeroAgencia, CodigoElementoMenu, Visible, Activo, IncluirBotonBarra) VALUES(1, 2, 13, 1, 1, 0)
INSERT INTO UsuariosAgenciasMenuPrincipal(CodigoUsuario, NumeroAgencia, CodigoElementoMenu, Visible, Activo, IncluirBotonBarra) VALUES(1, 2, 14, 1, 1, 0)
INSERT INTO UsuariosAgenciasMenuPrincipal(CodigoUsuario, NumeroAgencia, CodigoElementoMenu, Visible, Activo, IncluirBotonBarra) VALUES(1, 2, 15, 1, 1, 0)
INSERT INTO UsuariosAgenciasMenuPrincipal(CodigoUsuario, NumeroAgencia, CodigoElementoMenu, Visible, Activo, IncluirBotonBarra) VALUES(1, 2, 16, 1, 1, 0)
INSERT INTO UsuariosAgenciasMenuPrincipal(CodigoUsuario, NumeroAgencia, CodigoElementoMenu, Visible, Activo, IncluirBotonBarra) VALUES(1, 2, 17, 1, 1, 0)
INSERT INTO UsuariosAgenciasMenuPrincipal(CodigoUsuario, NumeroAgencia, CodigoElementoMenu, Visible, Activo, IncluirBotonBarra) VALUES(1, 2, 18, 1, 1, 0)
INSERT INTO UsuariosAgenciasMenuPrincipal(CodigoUsuario, NumeroAgencia, CodigoElementoMenu, Visible, Activo, IncluirBotonBarra) VALUES(1, 2, 19, 1, 1, 0)
INSERT INTO UsuariosAgenciasMenuPrincipal(CodigoUsuario, NumeroAgencia, CodigoElementoMenu, Visible, Activo, IncluirBotonBarra) VALUES(1, 2, 20, 1, 1, 0)
INSERT INTO UsuariosAgenciasMenuPrincipal(CodigoUsuario, NumeroAgencia, CodigoElementoMenu, Visible, Activo, IncluirBotonBarra) VALUES(1, 2, 21, 1, 1, 0)
INSERT INTO UsuariosAgenciasMenuPrincipal(CodigoUsuario, NumeroAgencia, CodigoElementoMenu, Visible, Activo, IncluirBotonBarra) VALUES(1, 2, 22, 1, 1, 0)
INSERT INTO UsuariosAgenciasMenuPrincipal(CodigoUsuario, NumeroAgencia, CodigoElementoMenu, Visible, Activo, IncluirBotonBarra) VALUES(1, 2, 23, 1, 1, 0)
INSERT INTO UsuariosAgenciasMenuPrincipal(CodigoUsuario, NumeroAgencia, CodigoElementoMenu, Visible, Activo, IncluirBotonBarra) VALUES(1, 2, 24, 1, 1, 0)
INSERT INTO UsuariosAgenciasMenuPrincipal(CodigoUsuario, NumeroAgencia, CodigoElementoMenu, Visible, Activo, IncluirBotonBarra) VALUES(1, 2, 25, 1, 1, 0)
INSERT INTO UsuariosAgenciasMenuPrincipal(CodigoUsuario, NumeroAgencia, CodigoElementoMenu, Visible, Activo, IncluirBotonBarra) VALUES(1, 2, 26, 1, 1, 0)
INSERT INTO UsuariosAgenciasMenuPrincipal(CodigoUsuario, NumeroAgencia, CodigoElementoMenu, Visible, Activo, IncluirBotonBarra) VALUES(1, 2, 27, 1, 1, 0)
INSERT INTO UsuariosAgenciasMenuPrincipal(CodigoUsuario, NumeroAgencia, CodigoElementoMenu, Visible, Activo, IncluirBotonBarra) VALUES(1, 2, 28, 1, 1, 0)
INSERT INTO UsuariosAgenciasMenuPrincipal(CodigoUsuario, NumeroAgencia, CodigoElementoMenu, Visible, Activo, IncluirBotonBarra) VALUES(1, 2, 29, 1, 1, 0)
INSERT INTO UsuariosAgenciasMenuPrincipal(CodigoUsuario, NumeroAgencia, CodigoElementoMenu, Visible, Activo, IncluirBotonBarra) VALUES(1, 2, 30, 1, 1, 0)
INSERT INTO UsuariosAgenciasMenuPrincipal(CodigoUsuario, NumeroAgencia, CodigoElementoMenu, Visible, Activo, IncluirBotonBarra) VALUES(1, 2, 31, 1, 1, 0)
INSERT INTO UsuariosAgenciasMenuPrincipal(CodigoUsuario, NumeroAgencia, CodigoElementoMenu, Visible, Activo, IncluirBotonBarra) VALUES(1, 2, 32, 1, 1, 0)
INSERT INTO UsuariosAgenciasMenuPrincipal(CodigoUsuario, NumeroAgencia, CodigoElementoMenu, Visible, Activo, IncluirBotonBarra) VALUES(1, 2, 33, 1, 1, 0)
INSERT INTO UsuariosAgenciasMenuPrincipal(CodigoUsuario, NumeroAgencia, CodigoElementoMenu, Visible, Activo, IncluirBotonBarra) VALUES(1, 2, 34, 1, 1, 0)
INSERT INTO UsuariosAgenciasMenuPrincipal(CodigoUsuario, NumeroAgencia, CodigoElementoMenu, Visible, Activo, IncluirBotonBarra) VALUES(1, 2, 35, 1, 1, 0)
INSERT INTO UsuariosAgenciasMenuPrincipal(CodigoUsuario, NumeroAgencia, CodigoElementoMenu, Visible, Activo, IncluirBotonBarra) VALUES(1, 2, 36, 1, 1, 0)
INSERT INTO UsuariosAgenciasMenuPrincipal(CodigoUsuario, NumeroAgencia, CodigoElementoMenu, Visible, Activo, IncluirBotonBarra) VALUES(1, 2, 37, 1, 1, 0)
INSERT INTO UsuariosAgenciasMenuPrincipal(CodigoUsuario, NumeroAgencia, CodigoElementoMenu, Visible, Activo, IncluirBotonBarra) VALUES(1, 2, 38, 1, 1, 0)
INSERT INTO UsuariosAgenciasMenuPrincipal(CodigoUsuario, NumeroAgencia, CodigoElementoMenu, Visible, Activo, IncluirBotonBarra) VALUES(1, 2, 39, 1, 1, 0)
INSERT INTO UsuariosAgenciasMenuPrincipal(CodigoUsuario, NumeroAgencia, CodigoElementoMenu, Visible, Activo, IncluirBotonBarra) VALUES(1, 2, 40, 1, 1, 0)
INSERT INTO UsuariosAgenciasMenuPrincipal(CodigoUsuario, NumeroAgencia, CodigoElementoMenu, Visible, Activo, IncluirBotonBarra) VALUES(1, 2, 41, 1, 1, 0)
INSERT INTO UsuariosAgenciasMenuPrincipal(CodigoUsuario, NumeroAgencia, CodigoElementoMenu, Visible, Activo, IncluirBotonBarra) VALUES(1, 2, 42, 1, 1, 0)
INSERT INTO UsuariosAgenciasMenuPrincipal(CodigoUsuario, NumeroAgencia, CodigoElementoMenu, Visible, Activo, IncluirBotonBarra) VALUES(1, 2, 43, 1, 1, 0)
INSERT INTO UsuariosAgenciasMenuPrincipal(CodigoUsuario, NumeroAgencia, CodigoElementoMenu, Visible, Activo, IncluirBotonBarra) VALUES(1, 2, 44, 1, 1, 0)
INSERT INTO UsuariosAgenciasMenuPrincipal(CodigoUsuario, NumeroAgencia, CodigoElementoMenu, Visible, Activo, IncluirBotonBarra) VALUES(1, 2, 45, 1, 1, 0)
INSERT INTO UsuariosAgenciasMenuPrincipal(CodigoUsuario, NumeroAgencia, CodigoElementoMenu, Visible, Activo, IncluirBotonBarra) VALUES(1, 2, 46, 1, 1, 0)
INSERT INTO UsuariosAgenciasMenuPrincipal(CodigoUsuario, NumeroAgencia, CodigoElementoMenu, Visible, Activo, IncluirBotonBarra) VALUES(1, 2, 47, 1, 1, 0)
INSERT INTO UsuariosAgenciasMenuPrincipal(CodigoUsuario, NumeroAgencia, CodigoElementoMenu, Visible, Activo, IncluirBotonBarra) VALUES(1, 2, 48, 1, 1, 0)
INSERT INTO UsuariosAgenciasMenuPrincipal(CodigoUsuario, NumeroAgencia, CodigoElementoMenu, Visible, Activo, IncluirBotonBarra) VALUES(1, 2, 49, 1, 1, 0)
INSERT INTO UsuariosAgenciasMenuPrincipal(CodigoUsuario, NumeroAgencia, CodigoElementoMenu, Visible, Activo, IncluirBotonBarra) VALUES(1, 2, 50, 1, 1, 0)
INSERT INTO UsuariosAgenciasMenuPrincipal(CodigoUsuario, NumeroAgencia, CodigoElementoMenu, Visible, Activo, IncluirBotonBarra) VALUES(1, 2, 51, 1, 1, 0)
INSERT INTO UsuariosAgenciasMenuPrincipal(CodigoUsuario, NumeroAgencia, CodigoElementoMenu, Visible, Activo, IncluirBotonBarra) VALUES(1, 2, 52, 1, 1, 0)
INSERT INTO UsuariosAgenciasMenuPrincipal(CodigoUsuario, NumeroAgencia, CodigoElementoMenu, Visible, Activo, IncluirBotonBarra) VALUES(1, 2, 53, 1, 1, 0)
INSERT INTO UsuariosAgenciasMenuPrincipal(CodigoUsuario, NumeroAgencia, CodigoElementoMenu, Visible, Activo, IncluirBotonBarra) VALUES(1, 2, 54, 1, 1, 0)
INSERT INTO UsuariosAgenciasMenuPrincipal(CodigoUsuario, NumeroAgencia, CodigoElementoMenu, Visible, Activo, IncluirBotonBarra) VALUES(1, 2, 55, 1, 1, 0)
INSERT INTO UsuariosAgenciasMenuPrincipal(CodigoUsuario, NumeroAgencia, CodigoElementoMenu, Visible, Activo, IncluirBotonBarra) VALUES(1, 2, 56, 1, 1, 0)
INSERT INTO UsuariosAgenciasMenuPrincipal(CodigoUsuario, NumeroAgencia, CodigoElementoMenu, Visible, Activo, IncluirBotonBarra) VALUES(1, 2, 57, 1, 1, 0)
INSERT INTO UsuariosAgenciasMenuPrincipal(CodigoUsuario, NumeroAgencia, CodigoElementoMenu, Visible, Activo, IncluirBotonBarra) VALUES(1, 2, 58, 1, 1, 0)
INSERT INTO UsuariosAgenciasMenuPrincipal(CodigoUsuario, NumeroAgencia, CodigoElementoMenu, Visible, Activo, IncluirBotonBarra) VALUES(1, 2, 59, 1, 1, 0)
INSERT INTO UsuariosAgenciasMenuPrincipal(CodigoUsuario, NumeroAgencia, CodigoElementoMenu, Visible, Activo, IncluirBotonBarra) VALUES(1, 2, 60, 1, 1, 0)
INSERT INTO UsuariosAgenciasMenuPrincipal(CodigoUsuario, NumeroAgencia, CodigoElementoMenu, Visible, Activo, IncluirBotonBarra) VALUES(1, 2, 61, 1, 1, 0)
INSERT INTO UsuariosAgenciasMenuPrincipal(CodigoUsuario, NumeroAgencia, CodigoElementoMenu, Visible, Activo, IncluirBotonBarra) VALUES(1, 2, 62, 1, 1, 0)
INSERT INTO UsuariosAgenciasMenuPrincipal(CodigoUsuario, NumeroAgencia, CodigoElementoMenu, Visible, Activo, IncluirBotonBarra) VALUES(1, 2, 63, 1, 1, 0)
INSERT INTO UsuariosAgenciasMenuPrincipal(CodigoUsuario, NumeroAgencia, CodigoElementoMenu, Visible, Activo, IncluirBotonBarra) VALUES(1, 2, 64, 1, 1, 0)
INSERT INTO UsuariosAgenciasMenuPrincipal(CodigoUsuario, NumeroAgencia, CodigoElementoMenu, Visible, Activo, IncluirBotonBarra) VALUES(1, 2, 65, 1, 1, 0)
INSERT INTO UsuariosAgenciasMenuPrincipal(CodigoUsuario, NumeroAgencia, CodigoElementoMenu, Visible, Activo, IncluirBotonBarra) VALUES(1, 2, 66, 1, 1, 0)
INSERT INTO UsuariosAgenciasMenuPrincipal(CodigoUsuario, NumeroAgencia, CodigoElementoMenu, Visible, Activo, IncluirBotonBarra) VALUES(1, 2, 67, 1, 1, 0)
INSERT INTO UsuariosAgenciasMenuPrincipal(CodigoUsuario, NumeroAgencia, CodigoElementoMenu, Visible, Activo, IncluirBotonBarra) VALUES(1, 2, 68, 1, 1, 0)
INSERT INTO UsuariosAgenciasMenuPrincipal(CodigoUsuario, NumeroAgencia, CodigoElementoMenu, Visible, Activo, IncluirBotonBarra) VALUES(1, 2, 69, 1, 1, 0)
INSERT INTO UsuariosAgenciasMenuPrincipal(CodigoUsuario, NumeroAgencia, CodigoElementoMenu, Visible, Activo, IncluirBotonBarra) VALUES(1, 3, 1, 1, 1, 0)
INSERT INTO UsuariosAgenciasMenuPrincipal(CodigoUsuario, NumeroAgencia, CodigoElementoMenu, Visible, Activo, IncluirBotonBarra) VALUES(1, 3, 2, 1, 1, 0)
INSERT INTO UsuariosAgenciasMenuPrincipal(CodigoUsuario, NumeroAgencia, CodigoElementoMenu, Visible, Activo, IncluirBotonBarra) VALUES(1, 3, 3, 1, 1, 0)
INSERT INTO UsuariosAgenciasMenuPrincipal(CodigoUsuario, NumeroAgencia, CodigoElementoMenu, Visible, Activo, IncluirBotonBarra) VALUES(1, 3, 4, 1, 1, 0)
INSERT INTO UsuariosAgenciasMenuPrincipal(CodigoUsuario, NumeroAgencia, CodigoElementoMenu, Visible, Activo, IncluirBotonBarra) VALUES(1, 3, 5, 1, 1, 0)
INSERT INTO UsuariosAgenciasMenuPrincipal(CodigoUsuario, NumeroAgencia, CodigoElementoMenu, Visible, Activo, IncluirBotonBarra) VALUES(1, 3, 6, 1, 1, 0)
INSERT INTO UsuariosAgenciasMenuPrincipal(CodigoUsuario, NumeroAgencia, CodigoElementoMenu, Visible, Activo, IncluirBotonBarra) VALUES(1, 3, 7, 1, 1, 0)
INSERT INTO UsuariosAgenciasMenuPrincipal(CodigoUsuario, NumeroAgencia, CodigoElementoMenu, Visible, Activo, IncluirBotonBarra) VALUES(1, 3, 8, 1, 1, 0)
INSERT INTO UsuariosAgenciasMenuPrincipal(CodigoUsuario, NumeroAgencia, CodigoElementoMenu, Visible, Activo, IncluirBotonBarra) VALUES(1, 3, 9, 1, 1, 0)
INSERT INTO UsuariosAgenciasMenuPrincipal(CodigoUsuario, NumeroAgencia, CodigoElementoMenu, Visible, Activo, IncluirBotonBarra) VALUES(1, 3, 10, 1, 1, 0)
INSERT INTO UsuariosAgenciasMenuPrincipal(CodigoUsuario, NumeroAgencia, CodigoElementoMenu, Visible, Activo, IncluirBotonBarra) VALUES(1, 3, 11, 1, 1, 0)
INSERT INTO UsuariosAgenciasMenuPrincipal(CodigoUsuario, NumeroAgencia, CodigoElementoMenu, Visible, Activo, IncluirBotonBarra) VALUES(1, 3, 12, 1, 1, 0)
INSERT INTO UsuariosAgenciasMenuPrincipal(CodigoUsuario, NumeroAgencia, CodigoElementoMenu, Visible, Activo, IncluirBotonBarra) VALUES(1, 3, 13, 1, 1, 0)
INSERT INTO UsuariosAgenciasMenuPrincipal(CodigoUsuario, NumeroAgencia, CodigoElementoMenu, Visible, Activo, IncluirBotonBarra) VALUES(1, 3, 14, 1, 1, 0)
INSERT INTO UsuariosAgenciasMenuPrincipal(CodigoUsuario, NumeroAgencia, CodigoElementoMenu, Visible, Activo, IncluirBotonBarra) VALUES(1, 3, 15, 1, 1, 0)
INSERT INTO UsuariosAgenciasMenuPrincipal(CodigoUsuario, NumeroAgencia, CodigoElementoMenu, Visible, Activo, IncluirBotonBarra) VALUES(1, 3, 16, 1, 1, 0)
INSERT INTO UsuariosAgenciasMenuPrincipal(CodigoUsuario, NumeroAgencia, CodigoElementoMenu, Visible, Activo, IncluirBotonBarra) VALUES(1, 3, 17, 1, 1, 0)
INSERT INTO UsuariosAgenciasMenuPrincipal(CodigoUsuario, NumeroAgencia, CodigoElementoMenu, Visible, Activo, IncluirBotonBarra) VALUES(1, 3, 18, 1, 1, 0)
INSERT INTO UsuariosAgenciasMenuPrincipal(CodigoUsuario, NumeroAgencia, CodigoElementoMenu, Visible, Activo, IncluirBotonBarra) VALUES(1, 3, 19, 1, 1, 0)
INSERT INTO UsuariosAgenciasMenuPrincipal(CodigoUsuario, NumeroAgencia, CodigoElementoMenu, Visible, Activo, IncluirBotonBarra) VALUES(1, 3, 20, 1, 1, 0)
INSERT INTO UsuariosAgenciasMenuPrincipal(CodigoUsuario, NumeroAgencia, CodigoElementoMenu, Visible, Activo, IncluirBotonBarra) VALUES(1, 3, 21, 1, 1, 0)
INSERT INTO UsuariosAgenciasMenuPrincipal(CodigoUsuario, NumeroAgencia, CodigoElementoMenu, Visible, Activo, IncluirBotonBarra) VALUES(1, 3, 22, 1, 1, 0)
INSERT INTO UsuariosAgenciasMenuPrincipal(CodigoUsuario, NumeroAgencia, CodigoElementoMenu, Visible, Activo, IncluirBotonBarra) VALUES(1, 3, 23, 1, 1, 0)
INSERT INTO UsuariosAgenciasMenuPrincipal(CodigoUsuario, NumeroAgencia, CodigoElementoMenu, Visible, Activo, IncluirBotonBarra) VALUES(1, 3, 24, 1, 1, 0)
INSERT INTO UsuariosAgenciasMenuPrincipal(CodigoUsuario, NumeroAgencia, CodigoElementoMenu, Visible, Activo, IncluirBotonBarra) VALUES(1, 3, 25, 1, 1, 0)
INSERT INTO UsuariosAgenciasMenuPrincipal(CodigoUsuario, NumeroAgencia, CodigoElementoMenu, Visible, Activo, IncluirBotonBarra) VALUES(1, 3, 26, 1, 1, 0)
INSERT INTO UsuariosAgenciasMenuPrincipal(CodigoUsuario, NumeroAgencia, CodigoElementoMenu, Visible, Activo, IncluirBotonBarra) VALUES(1, 3, 27, 1, 1, 0)
INSERT INTO UsuariosAgenciasMenuPrincipal(CodigoUsuario, NumeroAgencia, CodigoElementoMenu, Visible, Activo, IncluirBotonBarra) VALUES(1, 3, 28, 1, 1, 0)
INSERT INTO UsuariosAgenciasMenuPrincipal(CodigoUsuario, NumeroAgencia, CodigoElementoMenu, Visible, Activo, IncluirBotonBarra) VALUES(1, 3, 29, 1, 1, 0)
INSERT INTO UsuariosAgenciasMenuPrincipal(CodigoUsuario, NumeroAgencia, CodigoElementoMenu, Visible, Activo, IncluirBotonBarra) VALUES(1, 3, 30, 1, 1, 0)
INSERT INTO UsuariosAgenciasMenuPrincipal(CodigoUsuario, NumeroAgencia, CodigoElementoMenu, Visible, Activo, IncluirBotonBarra) VALUES(1, 3, 31, 1, 1, 0)
INSERT INTO UsuariosAgenciasMenuPrincipal(CodigoUsuario, NumeroAgencia, CodigoElementoMenu, Visible, Activo, IncluirBotonBarra) VALUES(1, 3, 32, 1, 1, 0)
INSERT INTO UsuariosAgenciasMenuPrincipal(CodigoUsuario, NumeroAgencia, CodigoElementoMenu, Visible, Activo, IncluirBotonBarra) VALUES(1, 3, 33, 1, 1, 0)
INSERT INTO UsuariosAgenciasMenuPrincipal(CodigoUsuario, NumeroAgencia, CodigoElementoMenu, Visible, Activo, IncluirBotonBarra) VALUES(1, 3, 34, 1, 1, 0)
INSERT INTO UsuariosAgenciasMenuPrincipal(CodigoUsuario, NumeroAgencia, CodigoElementoMenu, Visible, Activo, IncluirBotonBarra) VALUES(1, 3, 35, 1, 1, 0)
INSERT INTO UsuariosAgenciasMenuPrincipal(CodigoUsuario, NumeroAgencia, CodigoElementoMenu, Visible, Activo, IncluirBotonBarra) VALUES(1, 3, 36, 1, 1, 0)
INSERT INTO UsuariosAgenciasMenuPrincipal(CodigoUsuario, NumeroAgencia, CodigoElementoMenu, Visible, Activo, IncluirBotonBarra) VALUES(1, 3, 37, 1, 1, 0)
INSERT INTO UsuariosAgenciasMenuPrincipal(CodigoUsuario, NumeroAgencia, CodigoElementoMenu, Visible, Activo, IncluirBotonBarra) VALUES(1, 3, 38, 1, 1, 0)
INSERT INTO UsuariosAgenciasMenuPrincipal(CodigoUsuario, NumeroAgencia, CodigoElementoMenu, Visible, Activo, IncluirBotonBarra) VALUES(1, 3, 39, 1, 1, 0)
INSERT INTO UsuariosAgenciasMenuPrincipal(CodigoUsuario, NumeroAgencia, CodigoElementoMenu, Visible, Activo, IncluirBotonBarra) VALUES(1, 3, 40, 1, 1, 0)
INSERT INTO UsuariosAgenciasMenuPrincipal(CodigoUsuario, NumeroAgencia, CodigoElementoMenu, Visible, Activo, IncluirBotonBarra) VALUES(1, 3, 41, 1, 1, 0)
INSERT INTO UsuariosAgenciasMenuPrincipal(CodigoUsuario, NumeroAgencia, CodigoElementoMenu, Visible, Activo, IncluirBotonBarra) VALUES(1, 3, 42, 1, 1, 0)
INSERT INTO UsuariosAgenciasMenuPrincipal(CodigoUsuario, NumeroAgencia, CodigoElementoMenu, Visible, Activo, IncluirBotonBarra) VALUES(1, 3, 43, 1, 1, 0)
INSERT INTO UsuariosAgenciasMenuPrincipal(CodigoUsuario, NumeroAgencia, CodigoElementoMenu, Visible, Activo, IncluirBotonBarra) VALUES(1, 3, 44, 1, 1, 0)
INSERT INTO UsuariosAgenciasMenuPrincipal(CodigoUsuario, NumeroAgencia, CodigoElementoMenu, Visible, Activo, IncluirBotonBarra) VALUES(1, 3, 45, 1, 1, 0)
INSERT INTO UsuariosAgenciasMenuPrincipal(CodigoUsuario, NumeroAgencia, CodigoElementoMenu, Visible, Activo, IncluirBotonBarra) VALUES(1, 3, 46, 1, 1, 0)
INSERT INTO UsuariosAgenciasMenuPrincipal(CodigoUsuario, NumeroAgencia, CodigoElementoMenu, Visible, Activo, IncluirBotonBarra) VALUES(1, 3, 47, 1, 1, 0)
INSERT INTO UsuariosAgenciasMenuPrincipal(CodigoUsuario, NumeroAgencia, CodigoElementoMenu, Visible, Activo, IncluirBotonBarra) VALUES(1, 3, 48, 1, 1, 0)
INSERT INTO UsuariosAgenciasMenuPrincipal(CodigoUsuario, NumeroAgencia, CodigoElementoMenu, Visible, Activo, IncluirBotonBarra) VALUES(1, 3, 49, 1, 1, 0)
INSERT INTO UsuariosAgenciasMenuPrincipal(CodigoUsuario, NumeroAgencia, CodigoElementoMenu, Visible, Activo, IncluirBotonBarra) VALUES(1, 3, 50, 1, 1, 0)
INSERT INTO UsuariosAgenciasMenuPrincipal(CodigoUsuario, NumeroAgencia, CodigoElementoMenu, Visible, Activo, IncluirBotonBarra) VALUES(1, 3, 51, 1, 1, 0)
INSERT INTO UsuariosAgenciasMenuPrincipal(CodigoUsuario, NumeroAgencia, CodigoElementoMenu, Visible, Activo, IncluirBotonBarra) VALUES(1, 3, 52, 1, 1, 0)
INSERT INTO UsuariosAgenciasMenuPrincipal(CodigoUsuario, NumeroAgencia, CodigoElementoMenu, Visible, Activo, IncluirBotonBarra) VALUES(1, 3, 53, 1, 1, 0)
INSERT INTO UsuariosAgenciasMenuPrincipal(CodigoUsuario, NumeroAgencia, CodigoElementoMenu, Visible, Activo, IncluirBotonBarra) VALUES(1, 3, 54, 1, 1, 0)
INSERT INTO UsuariosAgenciasMenuPrincipal(CodigoUsuario, NumeroAgencia, CodigoElementoMenu, Visible, Activo, IncluirBotonBarra) VALUES(1, 3, 55, 1, 1, 0)
INSERT INTO UsuariosAgenciasMenuPrincipal(CodigoUsuario, NumeroAgencia, CodigoElementoMenu, Visible, Activo, IncluirBotonBarra) VALUES(1, 3, 56, 1, 1, 0)
INSERT INTO UsuariosAgenciasMenuPrincipal(CodigoUsuario, NumeroAgencia, CodigoElementoMenu, Visible, Activo, IncluirBotonBarra) VALUES(1, 3, 57, 1, 1, 0)
INSERT INTO UsuariosAgenciasMenuPrincipal(CodigoUsuario, NumeroAgencia, CodigoElementoMenu, Visible, Activo, IncluirBotonBarra) VALUES(1, 3, 58, 1, 1, 0)
INSERT INTO UsuariosAgenciasMenuPrincipal(CodigoUsuario, NumeroAgencia, CodigoElementoMenu, Visible, Activo, IncluirBotonBarra) VALUES(1, 3, 59, 1, 1, 0)
INSERT INTO UsuariosAgenciasMenuPrincipal(CodigoUsuario, NumeroAgencia, CodigoElementoMenu, Visible, Activo, IncluirBotonBarra) VALUES(1, 3, 60, 1, 1, 0)
INSERT INTO UsuariosAgenciasMenuPrincipal(CodigoUsuario, NumeroAgencia, CodigoElementoMenu, Visible, Activo, IncluirBotonBarra) VALUES(1, 3, 61, 1, 1, 0)
INSERT INTO UsuariosAgenciasMenuPrincipal(CodigoUsuario, NumeroAgencia, CodigoElementoMenu, Visible, Activo, IncluirBotonBarra) VALUES(1, 3, 62, 1, 1, 0)
INSERT INTO UsuariosAgenciasMenuPrincipal(CodigoUsuario, NumeroAgencia, CodigoElementoMenu, Visible, Activo, IncluirBotonBarra) VALUES(1, 3, 63, 1, 1, 0)
INSERT INTO UsuariosAgenciasMenuPrincipal(CodigoUsuario, NumeroAgencia, CodigoElementoMenu, Visible, Activo, IncluirBotonBarra) VALUES(1, 3, 64, 1, 1, 0)
INSERT INTO UsuariosAgenciasMenuPrincipal(CodigoUsuario, NumeroAgencia, CodigoElementoMenu, Visible, Activo, IncluirBotonBarra) VALUES(1, 3, 65, 1, 1, 0)
INSERT INTO UsuariosAgenciasMenuPrincipal(CodigoUsuario, NumeroAgencia, CodigoElementoMenu, Visible, Activo, IncluirBotonBarra) VALUES(1, 3, 66, 1, 1, 0)
INSERT INTO UsuariosAgenciasMenuPrincipal(CodigoUsuario, NumeroAgencia, CodigoElementoMenu, Visible, Activo, IncluirBotonBarra) VALUES(1, 3, 67, 1, 1, 0)
INSERT INTO UsuariosAgenciasMenuPrincipal(CodigoUsuario, NumeroAgencia, CodigoElementoMenu, Visible, Activo, IncluirBotonBarra) VALUES(1, 3, 68, 1, 1, 0)
INSERT INTO UsuariosAgenciasMenuPrincipal(CodigoUsuario, NumeroAgencia, CodigoElementoMenu, Visible, Activo, IncluirBotonBarra) VALUES(1, 3, 69, 1, 1, 0)


INSERT INTO ProductosTipos(CodigoTipoProductoPadre, NombreTipoProducto, NombreCortoTipoProducto, Nivel) VALUES (1, 'ACCESORIOS COMPUTADORAS', 'ACCES. COMP.', 1)
INSERT INTO ProductosTipos(CodigoTipoProductoPadre, NombreTipoProducto, NombreCortoTipoProducto, Nivel) VALUES (2, 'ACCESORIOS OFICINA', 'ACCES. OFIC.', 1)
INSERT INTO ProductosUnidades(NombreUnidad) VALUES ('PIEZA')
--TRANSFERENCIAS

INSERT INTO Proveedores (NombreRazonSocial, NombreRepresentante, NITProveedor, CodigoBanco, NumeroCuentaBanco, CodigoMoneda, NombreOrdenCheque, CodigoPais, CodigoDepartamento, CodigoProvincia, CodigoLugar, Direccion, Telefono, Fax, Casilla, Email, Observaciones, ProveedorActivo, NumeroAgencia)
SELECT RTRIM(LTRIM(PR.RAZON_SOCIAL)), RTRIM(LTRIM(PR.NOMBRE_AP)), PR.NIT, B.CodigoBanco, PR.N_CUENTA, 1, ORDEN_CHEQUE, De.CodigoPais, De.CodigoDepartamento, NULL, NULL, PR.DIRECCION, PR.TELEFONOS, PR.FAX, '', PR.EMAIL, '', 1, 1
FROM CEATEC.dbo.PROVEEDORES PR
JOIN Bancos B ON
B.NombreBanco = PR.BANCO
JOIN Departamentos De ON
De.NombreDepartamento = PR.DEP_PROV

INSERT INTO dbo.Clientes (NombreCliente, NombreRepresentante, CodigoTipoCliente, NITCliente, CodigoPais, CodigoDepartamento, CodigoProvincia, CodigoLugar, Direccion, Telefono, Email, Observaciones, CodigoEstadoCliente, NumeroAgencia)
	VALUES ('ANONIMO', 'ANONIMO', 'P', '0000000000', NULL, NULL, NULL, NULL, 'ANONIMA', 'ANONIMO', 'ANONIMO', 'Cliente ANONIMO', 'H', 1)
INSERT INTO Clientes (NombreCliente, NombreRepresentante, NITCliente, Direccion, Telefono, CodigoEstadoCliente, NumeroAgencia)
SELECT DISTINCT LTRIM(RTRIM(NOMBRE)) + ' ' + LTRIM(RTRIM(AP_PATERNO)) + ' ' + LTRIM(RTRIM(AP_MATERNO)) AS NombreCliente, 
LTRIM(RTRIM(NOMBRE)) + ' ' + LTRIM(RTRIM(AP_PATERNO)) + ' ' + LTRIM(RTRIM(AP_MATERNO)) AS NombreRepresentante, NIT, DIRECCION, TELEFONO, 'H', 1
FROM CEATEC.dbo.CLIENTE
WHERE (NOMBRE + AP_PATERNO + AP_MATERNO IS NOT NULL) AND 
(NIT <> '' AND NIT <> '0') AND (DIRECCION = '')
ORDER BY 1

INSERT INTO Doblones20.dbo.ProductosMarcas(NombreMarcaProducto)
SELECT DISTINCT NOM_LINIA
FROM CEATEC.dbo.LINIA

INSERT INTO Productos(CodigoProducto, CodigoProductoFabricante, NombreProducto, NombreProducto1, NombreProducto2, CodigoMarcaProducto, CodigoTipoProducto, CodigoUnidad, CodigoTipoCalculoInventario, LlenarCodigoPE, ProductoTangible, ProductoSimple)
SELECT PR.ID, LTRIM(RTRIM(PR.ID)) + LTRIM(RTRIM(PR.CBARRAS)) + SUBSTRING(PR.NOMBRE, 0, 2) + CAST(PM.CodigoMarcaProducto AS CHAR(3)), RTRIM(PR.NOMBRE), RTRIM(PR.NOMBRE), RTRIM(PR.NOMBRE), PM.CodigoMarcaProducto, 1, 1, 'B', 1, 1, 1
FROM CEATEC.dbo.PRODUCTO PR
JOIN CEATEC.dbo.LINIA LI ON
LI.ID = PR.ID_LINIA
JOIN Doblones20.dbo.ProductosMarcas PM ON
PM.NombreMarcaProducto = LI.NOM_LINIA
ORDER BY Pr.CBARRAS

INSERT INTO MonedasCotizaciones(CodigoMoneda, FechaHoraCotizacion, CodigoMonedaCotizacion, CambioOficial, CambioParalelo)
SELECT DISTINCT 1, FECHA_MOD, 2, CAMBIO, TC_PARALELO
FROM CEATEC.dbo.T_CAMBIO
WHERE FECHA_MOD IS NOT NULL

DELETE FROM dbo.ComprasProductosEspecificosReemDevo
DELETE FROM dbo.ComprasProductosReemDevo
DBCC checkident ('DOBLONES20.dbo.ComprasProductosReemDevo', reseed, 0)



insert into CotizacionVentasProductos (NumeroAgencia, CodigoCliente, CodigoUsuario, FechaHoraCotizacion,	ValidezOferta, TiempoEntrega, CodigoEstadoCotizacion, CotizacionVendida, CodigoMonedaCotizacionVenta, Observaciones)
values (1,5,1,getdate(),10,10,'I',0,1,'ninguna')
insert into ComprasProductos( NumeroAgencia, CodigoProveedor,CodigoUsuario,Fecha,CodigoTipoCompra,CodigoEstadoCompra,MontoTotalCompra,Observaciones)
values (1,19,1,GETDATE(),'R','F',	432.00,'ninguna'	)
INSERt INTO VentasProductos (NumeroAgencia, CodigoCliente,CodigoUsuario, NumeroFactura, FechaHoraVenta, CodigoTipoVenta, CodigoEstadoVenta, NumeroCuentaPorCobrar,Observaciones)
values (1,1,1,null,getdate(),'E','F',NULL,'ninguna')

DELETE FROM dbo.VentasProductosEspecificosReemDevo
DELETE FROM dbo.VentasProductosReemDevo
DBCC checkident ('DOBLONES20.dbo.VentasProductosReemDevo', reseed, 0)

DELETE FROM VentasProductosDetalle
DELETE FROM VentasProductos
DBCC checkident ('DOBLONES20.dbo.VentasProductos', reseed, 0)

DELETE FROM ComprasProductosDetalle
DELETE FROM ComprasProductos
DBCC checkident ('DOBLONES20.dbo.ComprasProductos', reseed, 0)

DELETE FROM CotizacionVentasProductosDeta
DELETE FROM CotizacionVentasProductos
DBCC checkident ('DOBLONES20.dbo.CotizacionVentasProductos', reseed, 0)

--InventarioProductos
INSERT INTO Doblones20.dbo.InventariosProductos(NumeroAgencia, CodigoProducto, CantidadExistencia, CantidadRequerida, PrecioUnitarioCompra, TiempoGarantiaProducto, PorcentajeUtilidad1, PrecioUnitarioVenta1, PorcentajeUtilidad2, PrecioUnitarioVenta2, PorcentajeUtilidad3, PrecioUnitarioVenta3, PorcentajeUtilidad4, PrecioUnitarioVenta4, PorcentajeUtilidad5, PrecioUnitarioVenta5, StockMinimo, MostrarParaVenta, ClaseProducto)
SELECT 1 as NumeroAgencia, ID,CANTEXIST,0 AS CantidadRequerida, PRECIO_C, 0 as TiempoGarantiaProducto, UTILIDAD, PRECIOA, UTILIDAD+5 as PorcentajeUtilidad2,PRECIOB, UTILIDAD+10 as PorcentajeUtilidad3, PRECIO_C*(UTILIDAD+10)/100+PRECIO_C AS PrecioUnitarioVenta3, UTILIDAD+15 as PorcentajeUtilidad4, PRECIO_C*(UTILIDAD+15)/100+PRECIO_C AS PrecioUnitarioVenta4, UTILIDAD+20 as PorcentajeUtilidad5, PRECIO_C*(UTILIDAD+20)/100+PRECIO_C AS PrecioUnitarioVenta5,STOCKMIN,1 AS MostrarParaVenta,'S' AS ClaseProducto
FROM ceatec.dbo.PRODUCTOINVENTARIO

--Frecuencias Pagos
INSERT INTO dbo.FrecuenciasPagos (NombreFrecuenciaPago, NumeroDias) VALUES ('DIARIA', 1)
INSERT INTO dbo.FrecuenciasPagos (NombreFrecuenciaPago, NumeroDias)	VALUES ('SEMANAL', 7)
INSERT INTO dbo.FrecuenciasPagos (NombreFrecuenciaPago, NumeroDias)	VALUES ('QUINCENAL', 15)
INSERT INTO dbo.FrecuenciasPagos (NombreFrecuenciaPago, NumeroDias) VALUES ('MENSUAL', 30)
INSERT INTO dbo.FrecuenciasPagos (NombreFrecuenciaPago, NumeroDias)	VALUES ('BIMESTRAL', 60)
INSERT INTO dbo.FrecuenciasPagos (NombreFrecuenciaPago, NumeroDias)	VALUES ('TRIMESTRAL', 90)
INSERT INTO dbo.FrecuenciasPagos (NombreFrecuenciaPago, NumeroDias) VALUES ('SEMESTRAL', 180)
INSERT INTO dbo.FrecuenciasPagos (NombreFrecuenciaPago, NumeroDias)	VALUES ('ANUAL', 365)

INSERT INTO dbo.MotivosReemDevo ( NombreMotivoReemDevo, EstadoRetornoInventario, TipoTransaccion) VALUES ( 'DESCONTENTO', 'A','V')
INSERT INTO dbo.MotivosReemDevo ( NombreMotivoReemDevo, EstadoRetornoInventario, TipoTransaccion) VALUES ( 'MAL FUNCIONAMIENTO', 'B','V')
INSERT INTO dbo.MotivosReemDevo ( NombreMotivoReemDevo, EstadoRetornoInventario, TipoTransaccion) VALUES ( 'MAL FUNCIONAMIENTO', 'B','C')
INSERT INTO dbo.MotivosReemDevo ( NombreMotivoReemDevo, EstadoRetornoInventario, TipoTransaccion) VALUES ( 'DEFECTUOSO', 'B','C')
INSERT INTO dbo.MotivosReemDevo ( NombreMotivoReemDevo, EstadoRetornoInventario, TipoTransaccion) VALUES ( 'DEFECTUOSO', 'R','V')
INSERT INTO dbo.MotivosReemDevo ( NombreMotivoReemDevo, EstadoRetornoInventario, TipoTransaccion) VALUES ( 'DISPOSITIVO EQUIVOCADO', 'R','V')
INSERT INTO dbo.MotivosReemDevo ( NombreMotivoReemDevo, EstadoRetornoInventario, TipoTransaccion) VALUES ( 'MARCA INCORRECTA', 'R','V')
	
*/